REDE DE ENSINO,MUNICIPIO,SERIE_ANO,PERIODO,COMPONENTE_CURRICULAR,MEDIA_PROFICIENCIA
Rede Estadual,SAO PAULO,9º Ano EF,GERAL,MATEMÁTICA,242.0
Rede Estadual,ADAMANTINA,9º Ano EF,MANHÃ,MATEMÁTICA,255.8
Rede Estadual,ADAMANTINA,9º Ano EF,GERAL,MATEMÁTICA,255.8
Rede Estadual,AGUAI,9º Ano EF,MANHÃ,MATEMÁTICA,241.4
Rede Estadual,AGUAI,9º Ano EF,TARDE,MATEMÁTICA,249.6
Rede Estadual,AGUAI,9º Ano EF,GERAL,MATEMÁTICA,243.2
Rede Estadual,AGUAS DE LINDOIA,9º Ano EF,MANHÃ,MATEMÁTICA,268.4
Rede Estadual,AGUAS DE LINDOIA,9º Ano EF,GERAL,MATEMÁTICA,268.4
Rede Estadual,AGUAS DA PRATA,9º Ano EF,MANHÃ,MATEMÁTICA,243.9
Rede Estadual,AGUAS DA PRATA,9º Ano EF,TARDE,MATEMÁTICA,257.2
Rede Estadual,AGUAS DA PRATA,9º Ano EF,GERAL,MATEMÁTICA,249.2
Rede Estadual,AGUDOS,9º Ano EF,MANHÃ,MATEMÁTICA,237.8
Rede Estadual,AGUDOS,9º Ano EF,TARDE,MATEMÁTICA,234.2
Rede Estadual,AGUDOS,9º Ano EF,GERAL,MATEMÁTICA,236.7
Rede Estadual,ALFREDO MARCONDES,9º Ano EF,MANHÃ,MATEMÁTICA,244.1
Rede Estadual,ALFREDO MARCONDES,9º Ano EF,GERAL,MATEMÁTICA,244.1
Rede Estadual,ALTAIR,9º Ano EF,MANHÃ,MATEMÁTICA,256.7
Rede Estadual,ALTAIR,9º Ano EF,GERAL,MATEMÁTICA,256.7
Rede Estadual,ALTINOPOLIS,9º Ano EF,MANHÃ,MATEMÁTICA,240.5
Rede Estadual,ALTINOPOLIS,9º Ano EF,GERAL,MATEMÁTICA,240.5
Rede Estadual,ALTO ALEGRE,9º Ano EF,MANHÃ,MATEMÁTICA,262.4
Rede Estadual,ALTO ALEGRE,9º Ano EF,GERAL,MATEMÁTICA,262.4
Rede Estadual,ALVARES FLORENCE,9º Ano EF,MANHÃ,MATEMÁTICA,268.0
Rede Estadual,ALVARES FLORENCE,9º Ano EF,GERAL,MATEMÁTICA,268.0
Rede Estadual,ALVARO DE CARVALHO,9º Ano EF,MANHÃ,MATEMÁTICA,229.3
Rede Estadual,ALVARO DE CARVALHO,9º Ano EF,GERAL,MATEMÁTICA,229.3
Rede Estadual,ALVINLANDIA,9º Ano EF,MANHÃ,MATEMÁTICA,256.3
Rede Estadual,ALVINLANDIA,9º Ano EF,TARDE,MATEMÁTICA,250.0
Rede Estadual,ALVINLANDIA,9º Ano EF,GERAL,MATEMÁTICA,253.3
Rede Estadual,AMERICANA,9º Ano EF,MANHÃ,MATEMÁTICA,256.3
Rede Estadual,AMERICANA,9º Ano EF,TARDE,MATEMÁTICA,254.7
Rede Estadual,AMERICANA,9º Ano EF,GERAL,MATEMÁTICA,256.1
Rede Estadual,AMERICO BRASILIENSE,9º Ano EF,MANHÃ,MATEMÁTICA,237.0
Rede Estadual,AMERICO BRASILIENSE,9º Ano EF,TARDE,MATEMÁTICA,231.7
Rede Estadual,AMERICO BRASILIENSE,9º Ano EF,GERAL,MATEMÁTICA,233.8
Rede Estadual,AMERICO DE CAMPOS,9º Ano EF,MANHÃ,MATEMÁTICA,249.4
Rede Estadual,AMERICO DE CAMPOS,9º Ano EF,GERAL,MATEMÁTICA,249.4
Rede Estadual,AMPARO,9º Ano EF,MANHÃ,MATEMÁTICA,251.5
Rede Estadual,AMPARO,9º Ano EF,TARDE,MATEMÁTICA,245.2
Rede Estadual,AMPARO,9º Ano EF,GERAL,MATEMÁTICA,251.1
Rede Estadual,ANDRADINA,9º Ano EF,MANHÃ,MATEMÁTICA,247.3
Rede Estadual,ANDRADINA,9º Ano EF,TARDE,MATEMÁTICA,226.2
Rede Estadual,ANDRADINA,9º Ano EF,GERAL,MATEMÁTICA,244.6
Rede Estadual,ANGATUBA,9º Ano EF,MANHÃ,MATEMÁTICA,257.1
Rede Estadual,ANGATUBA,9º Ano EF,GERAL,MATEMÁTICA,257.1
Rede Estadual,ANHUMAS,9º Ano EF,MANHÃ,MATEMÁTICA,237.3
Rede Estadual,ANHUMAS,9º Ano EF,GERAL,MATEMÁTICA,237.3
Rede Estadual,APARECIDA D'OESTE,9º Ano EF,MANHÃ,MATEMÁTICA,263.1
Rede Estadual,APARECIDA D'OESTE,9º Ano EF,GERAL,MATEMÁTICA,263.1
Rede Estadual,APIAI,9º Ano EF,MANHÃ,MATEMÁTICA,249.9
Rede Estadual,APIAI,9º Ano EF,GERAL,MATEMÁTICA,249.9
Rede Estadual,ARACATUBA,9º Ano EF,MANHÃ,MATEMÁTICA,256.3
Rede Estadual,ARACATUBA,9º Ano EF,TARDE,MATEMÁTICA,234.7
Rede Estadual,ARACATUBA,9º Ano EF,GERAL,MATEMÁTICA,255.8
Rede Estadual,ARAMINA,9º Ano EF,MANHÃ,MATEMÁTICA,235.1
Rede Estadual,ARAMINA,9º Ano EF,TARDE,MATEMÁTICA,260.6
Rede Estadual,ARAMINA,9º Ano EF,GERAL,MATEMÁTICA,248.5
Rede Estadual,ARANDU,9º Ano EF,MANHÃ,MATEMÁTICA,239.5
Rede Estadual,ARANDU,9º Ano EF,GERAL,MATEMÁTICA,239.5
Rede Estadual,ARARAQUARA,9º Ano EF,MANHÃ,MATEMÁTICA,247.5
Rede Estadual,ARARAQUARA,9º Ano EF,TARDE,MATEMÁTICA,257.2
Rede Estadual,ARARAQUARA,9º Ano EF,GERAL,MATEMÁTICA,249.5
Rede Estadual,ARARAS,9º Ano EF,MANHÃ,MATEMÁTICA,260.2
Rede Estadual,ARARAS,9º Ano EF,TARDE,MATEMÁTICA,244.1
Rede Estadual,ARARAS,9º Ano EF,GERAL,MATEMÁTICA,256.3
Rede Estadual,AREALVA,9º Ano EF,MANHÃ,MATEMÁTICA,248.8
Rede Estadual,AREALVA,9º Ano EF,TARDE,MATEMÁTICA,221.5
Rede Estadual,AREALVA,9º Ano EF,GERAL,MATEMÁTICA,241.3
Rede Estadual,ARIRANHA,9º Ano EF,MANHÃ,MATEMÁTICA,263.2
Rede Estadual,ARIRANHA,9º Ano EF,GERAL,MATEMÁTICA,263.2
Rede Estadual,ARTUR NOGUEIRA,9º Ano EF,MANHÃ,MATEMÁTICA,249.5
Rede Estadual,ARTUR NOGUEIRA,9º Ano EF,GERAL,MATEMÁTICA,249.5
Rede Estadual,ARUJA,9º Ano EF,MANHÃ,MATEMÁTICA,244.4
Rede Estadual,ARUJA,9º Ano EF,TARDE,MATEMÁTICA,244.5
Rede Estadual,ARUJA,9º Ano EF,GERAL,MATEMÁTICA,244.4
Rede Estadual,ASSIS,9º Ano EF,MANHÃ,MATEMÁTICA,252.7
Rede Estadual,ASSIS,9º Ano EF,TARDE,MATEMÁTICA,246.6
Rede Estadual,ASSIS,9º Ano EF,GERAL,MATEMÁTICA,252.2
Rede Estadual,ATIBAIA,9º Ano EF,MANHÃ,MATEMÁTICA,249.9
Rede Estadual,ATIBAIA,9º Ano EF,TARDE,MATEMÁTICA,243.5
Rede Estadual,ATIBAIA,9º Ano EF,GERAL,MATEMÁTICA,248.1
Rede Estadual,AURIFLAMA,9º Ano EF,MANHÃ,MATEMÁTICA,269.1
Rede Estadual,AURIFLAMA,9º Ano EF,TARDE,MATEMÁTICA,246.0
Rede Estadual,AURIFLAMA,9º Ano EF,GERAL,MATEMÁTICA,263.7
Rede Estadual,AVAI,9º Ano EF,MANHÃ,MATEMÁTICA,240.7
Rede Estadual,AVAI,9º Ano EF,GERAL,MATEMÁTICA,240.7
Rede Estadual,AVANHANDAVA,9º Ano EF,MANHÃ,MATEMÁTICA,227.8
Rede Estadual,AVANHANDAVA,9º Ano EF,GERAL,MATEMÁTICA,227.8
Rede Estadual,AVARE,9º Ano EF,MANHÃ,MATEMÁTICA,243.1
Rede Estadual,AVARE,9º Ano EF,GERAL,MATEMÁTICA,243.1
Rede Estadual,BADY BASSITT,9º Ano EF,TARDE,MATEMÁTICA,262.1
Rede Estadual,BADY BASSITT,9º Ano EF,GERAL,MATEMÁTICA,262.1
Rede Estadual,BALBINOS,9º Ano EF,MANHÃ,MATEMÁTICA,235.4
Rede Estadual,BALBINOS,9º Ano EF,GERAL,MATEMÁTICA,235.4
Rede Estadual,BALSAMO,9º Ano EF,MANHÃ,MATEMÁTICA,256.9
Rede Estadual,BALSAMO,9º Ano EF,TARDE,MATEMÁTICA,243.4
Rede Estadual,BALSAMO,9º Ano EF,GERAL,MATEMÁTICA,250.1
Rede Estadual,BARAO DE ANTONINA,9º Ano EF,MANHÃ,MATEMÁTICA,266.3
Rede Estadual,BARAO DE ANTONINA,9º Ano EF,TARDE,MATEMÁTICA,238.7
Rede Estadual,BARAO DE ANTONINA,9º Ano EF,GERAL,MATEMÁTICA,253.1
Rede Estadual,BARBOSA,9º Ano EF,MANHÃ,MATEMÁTICA,237.9
Rede Estadual,BARBOSA,9º Ano EF,GERAL,MATEMÁTICA,237.9
Rede Estadual,BARIRI,9º Ano EF,MANHÃ,MATEMÁTICA,251.0
Rede Estadual,BARIRI,9º Ano EF,TARDE,MATEMÁTICA,246.3
Rede Estadual,BARIRI,9º Ano EF,GERAL,MATEMÁTICA,247.5
Rede Estadual,BARRA BONITA,9º Ano EF,MANHÃ,MATEMÁTICA,250.0
Rede Estadual,BARRA BONITA,9º Ano EF,GERAL,MATEMÁTICA,250.0
Rede Estadual,BARRA DO TURVO,9º Ano EF,MANHÃ,MATEMÁTICA,249.8
Rede Estadual,BARRA DO TURVO,9º Ano EF,GERAL,MATEMÁTICA,249.8
Rede Estadual,BARRETOS,9º Ano EF,MANHÃ,MATEMÁTICA,258.9
Rede Estadual,BARRETOS,9º Ano EF,TARDE,MATEMÁTICA,235.2
Rede Estadual,BARRETOS,9º Ano EF,GERAL,MATEMÁTICA,256.4
Rede Estadual,BASTOS,9º Ano EF,MANHÃ,MATEMÁTICA,255.2
Rede Estadual,BASTOS,9º Ano EF,GERAL,MATEMÁTICA,255.2
Rede Estadual,BATATAIS,9º Ano EF,MANHÃ,MATEMÁTICA,254.3
Rede Estadual,BATATAIS,9º Ano EF,TARDE,MATEMÁTICA,256.3
Rede Estadual,BATATAIS,9º Ano EF,GERAL,MATEMÁTICA,255.2
Rede Estadual,BAURU,9º Ano EF,MANHÃ,MATEMÁTICA,240.4
Rede Estadual,BAURU,9º Ano EF,TARDE,MATEMÁTICA,239.0
Rede Estadual,BAURU,9º Ano EF,GERAL,MATEMÁTICA,240.3
Rede Estadual,BEBEDOURO,9º Ano EF,MANHÃ,MATEMÁTICA,247.6
Rede Estadual,BEBEDOURO,9º Ano EF,TARDE,MATEMÁTICA,220.5
Rede Estadual,BEBEDOURO,9º Ano EF,GERAL,MATEMÁTICA,246.7
Rede Estadual,BENTO DE ABREU,9º Ano EF,MANHÃ,MATEMÁTICA,264.0
Rede Estadual,BENTO DE ABREU,9º Ano EF,GERAL,MATEMÁTICA,264.0
Rede Estadual,BERNARDINO DE CAMPOS,9º Ano EF,MANHÃ,MATEMÁTICA,256.6
Rede Estadual,BERNARDINO DE CAMPOS,9º Ano EF,TARDE,MATEMÁTICA,246.3
Rede Estadual,BERNARDINO DE CAMPOS,9º Ano EF,GERAL,MATEMÁTICA,251.7
Rede Estadual,BILAC,9º Ano EF,MANHÃ,MATEMÁTICA,255.3
Rede Estadual,BILAC,9º Ano EF,GERAL,MATEMÁTICA,255.3
Rede Estadual,BIRIGUI,9º Ano EF,MANHÃ,MATEMÁTICA,261.4
Rede Estadual,BIRIGUI,9º Ano EF,TARDE,MATEMÁTICA,246.9
Rede Estadual,BIRIGUI,9º Ano EF,GERAL,MATEMÁTICA,260.2
Rede Estadual,BIRITIBA-MIRIM,9º Ano EF,MANHÃ,MATEMÁTICA,240.8
Rede Estadual,BIRITIBA-MIRIM,9º Ano EF,TARDE,MATEMÁTICA,238.1
Rede Estadual,BIRITIBA-MIRIM,9º Ano EF,GERAL,MATEMÁTICA,238.9
Rede Estadual,BOCAINA,9º Ano EF,MANHÃ,MATEMÁTICA,248.9
Rede Estadual,BOCAINA,9º Ano EF,GERAL,MATEMÁTICA,248.9
Rede Estadual,BOFETE,9º Ano EF,MANHÃ,MATEMÁTICA,299.6
Rede Estadual,BOFETE,9º Ano EF,GERAL,MATEMÁTICA,299.6
Rede Estadual,BOM JESUS DOS PERDOES,9º Ano EF,MANHÃ,MATEMÁTICA,246.3
Rede Estadual,BOM JESUS DOS PERDOES,9º Ano EF,TARDE,MATEMÁTICA,242.3
Rede Estadual,BOM JESUS DOS PERDOES,9º Ano EF,GERAL,MATEMÁTICA,245.3
Rede Estadual,BORA,9º Ano EF,MANHÃ,MATEMÁTICA,271.1
Rede Estadual,BORA,9º Ano EF,GERAL,MATEMÁTICA,271.1
Rede Estadual,BORACEIA,9º Ano EF,MANHÃ,MATEMÁTICA,247.5
Rede Estadual,BORACEIA,9º Ano EF,GERAL,MATEMÁTICA,247.5
Rede Estadual,BORBOREMA,9º Ano EF,MANHÃ,MATEMÁTICA,256.7
Rede Estadual,BORBOREMA,9º Ano EF,GERAL,MATEMÁTICA,256.7
Rede Estadual,BOTUCATU,9º Ano EF,MANHÃ,MATEMÁTICA,242.4
Rede Estadual,BOTUCATU,9º Ano EF,TARDE,MATEMÁTICA,234.8
Rede Estadual,BOTUCATU,9º Ano EF,GERAL,MATEMÁTICA,240.8
Rede Estadual,BRAGANCA PAULISTA,9º Ano EF,MANHÃ,MATEMÁTICA,247.5
Rede Estadual,BRAGANCA PAULISTA,9º Ano EF,TARDE,MATEMÁTICA,245.1
Rede Estadual,BRAGANCA PAULISTA,9º Ano EF,GERAL,MATEMÁTICA,247.2
Rede Estadual,BRAUNA,9º Ano EF,MANHÃ,MATEMÁTICA,257.8
Rede Estadual,BRAUNA,9º Ano EF,GERAL,MATEMÁTICA,257.8
Rede Estadual,BRODOWSKI,9º Ano EF,TARDE,MATEMÁTICA,234.4
Rede Estadual,BRODOWSKI,9º Ano EF,GERAL,MATEMÁTICA,234.4
Rede Estadual,BROTAS,9º Ano EF,MANHÃ,MATEMÁTICA,239.3
Rede Estadual,BROTAS,9º Ano EF,TARDE,MATEMÁTICA,213.6
Rede Estadual,BROTAS,9º Ano EF,GERAL,MATEMÁTICA,234.2
Rede Estadual,BURITAMA,9º Ano EF,MANHÃ,MATEMÁTICA,242.5
Rede Estadual,BURITAMA,9º Ano EF,GERAL,MATEMÁTICA,242.5
Rede Estadual,CABRALIA PAULISTA,9º Ano EF,MANHÃ,MATEMÁTICA,251.1
Rede Estadual,CABRALIA PAULISTA,9º Ano EF,GERAL,MATEMÁTICA,251.1
Rede Estadual,CABREUVA,9º Ano EF,MANHÃ,MATEMÁTICA,248.3
Rede Estadual,CABREUVA,9º Ano EF,GERAL,MATEMÁTICA,248.3
Rede Estadual,CACAPAVA,9º Ano EF,MANHÃ,MATEMÁTICA,246.8
Rede Estadual,CACAPAVA,9º Ano EF,TARDE,MATEMÁTICA,245.1
Rede Estadual,CACAPAVA,9º Ano EF,GERAL,MATEMÁTICA,246.5
Rede Estadual,CACHOEIRA PAULISTA,9º Ano EF,MANHÃ,MATEMÁTICA,250.0
Rede Estadual,CACHOEIRA PAULISTA,9º Ano EF,TARDE,MATEMÁTICA,248.3
Rede Estadual,CACHOEIRA PAULISTA,9º Ano EF,GERAL,MATEMÁTICA,249.7
Rede Estadual,CACONDE,9º Ano EF,MANHÃ,MATEMÁTICA,253.9
Rede Estadual,CACONDE,9º Ano EF,TARDE,MATEMÁTICA,242.8
Rede Estadual,CACONDE,9º Ano EF,GERAL,MATEMÁTICA,253.0
Rede Estadual,CAFELANDIA,9º Ano EF,MANHÃ,MATEMÁTICA,244.4
Rede Estadual,CAFELANDIA,9º Ano EF,TARDE,MATEMÁTICA,223.6
Rede Estadual,CAFELANDIA,9º Ano EF,GERAL,MATEMÁTICA,242.0
Rede Estadual,CAIABU,9º Ano EF,MANHÃ,MATEMÁTICA,259.3
Rede Estadual,CAIABU,9º Ano EF,GERAL,MATEMÁTICA,259.3
Rede Estadual,CAIEIRAS,9º Ano EF,MANHÃ,MATEMÁTICA,251.7
Rede Estadual,CAIEIRAS,9º Ano EF,TARDE,MATEMÁTICA,256.8
Rede Estadual,CAIEIRAS,9º Ano EF,GERAL,MATEMÁTICA,252.1
Rede Estadual,CAIUA,9º Ano EF,MANHÃ,MATEMÁTICA,261.0
Rede Estadual,CAIUA,9º Ano EF,GERAL,MATEMÁTICA,261.0
Rede Estadual,CAJAMAR,9º Ano EF,TARDE,MATEMÁTICA,225.5
Rede Estadual,CAJAMAR,9º Ano EF,GERAL,MATEMÁTICA,225.5
Rede Estadual,CAJURU,9º Ano EF,MANHÃ,MATEMÁTICA,238.4
Rede Estadual,CAJURU,9º Ano EF,TARDE,MATEMÁTICA,230.8
Rede Estadual,CAJURU,9º Ano EF,GERAL,MATEMÁTICA,236.7
Rede Estadual,CAMPINAS,9º Ano EF,MANHÃ,MATEMÁTICA,245.3
Rede Estadual,CAMPINAS,9º Ano EF,TARDE,MATEMÁTICA,246.0
Rede Estadual,CAMPINAS,9º Ano EF,NOITE,MATEMÁTICA,227.5
Rede Estadual,CAMPINAS,9º Ano EF,GERAL,MATEMÁTICA,244.5
Rede Estadual,CAMPO LIMPO PAULISTA,9º Ano EF,MANHÃ,MATEMÁTICA,250.2
Rede Estadual,CAMPO LIMPO PAULISTA,9º Ano EF,GERAL,MATEMÁTICA,250.2
Rede Estadual,CAMPOS NOVOS PAULISTA,9º Ano EF,MANHÃ,MATEMÁTICA,238.9
Rede Estadual,CAMPOS NOVOS PAULISTA,9º Ano EF,TARDE,MATEMÁTICA,255.6
Rede Estadual,CAMPOS NOVOS PAULISTA,9º Ano EF,GERAL,MATEMÁTICA,251.0
Rede Estadual,CANANEIA,9º Ano EF,MANHÃ,MATEMÁTICA,248.2
Rede Estadual,CANANEIA,9º Ano EF,TARDE,MATEMÁTICA,239.4
Rede Estadual,CANANEIA,9º Ano EF,GERAL,MATEMÁTICA,247.3
Rede Estadual,CANDIDO MOTA,9º Ano EF,MANHÃ,MATEMÁTICA,255.7
Rede Estadual,CANDIDO MOTA,9º Ano EF,GERAL,MATEMÁTICA,255.7
Rede Estadual,CAPAO BONITO,9º Ano EF,MANHÃ,MATEMÁTICA,248.2
Rede Estadual,CAPAO BONITO,9º Ano EF,GERAL,MATEMÁTICA,248.2
Rede Estadual,CAPIVARI,9º Ano EF,MANHÃ,MATEMÁTICA,255.4
Rede Estadual,CAPIVARI,9º Ano EF,TARDE,MATEMÁTICA,238.6
Rede Estadual,CAPIVARI,9º Ano EF,GERAL,MATEMÁTICA,251.1
Rede Estadual,CARAGUATATUBA,9º Ano EF,MANHÃ,MATEMÁTICA,242.3
Rede Estadual,CARAGUATATUBA,9º Ano EF,TARDE,MATEMÁTICA,253.1
Rede Estadual,CARAGUATATUBA,9º Ano EF,GERAL,MATEMÁTICA,244.9
Rede Estadual,CARAPICUIBA,9º Ano EF,MANHÃ,MATEMÁTICA,242.0
Rede Estadual,CARAPICUIBA,9º Ano EF,TARDE,MATEMÁTICA,243.1
Rede Estadual,CARAPICUIBA,9º Ano EF,GERAL,MATEMÁTICA,242.2
Rede Estadual,CARDOSO,9º Ano EF,MANHÃ,MATEMÁTICA,267.2
Rede Estadual,CARDOSO,9º Ano EF,GERAL,MATEMÁTICA,267.2
Rede Estadual,CASA BRANCA,9º Ano EF,MANHÃ,MATEMÁTICA,241.7
Rede Estadual,CASA BRANCA,9º Ano EF,TARDE,MATEMÁTICA,232.7
Rede Estadual,CASA BRANCA,9º Ano EF,GERAL,MATEMÁTICA,239.7
Rede Estadual,CASTILHO,9º Ano EF,MANHÃ,MATEMÁTICA,245.5
Rede Estadual,CASTILHO,9º Ano EF,GERAL,MATEMÁTICA,245.5
Rede Estadual,CATANDUVA,9º Ano EF,MANHÃ,MATEMÁTICA,240.5
Rede Estadual,CATANDUVA,9º Ano EF,TARDE,MATEMÁTICA,259.3
Rede Estadual,CATANDUVA,9º Ano EF,GERAL,MATEMÁTICA,251.3
Rede Estadual,CATIGUA,9º Ano EF,MANHÃ,MATEMÁTICA,249.6
Rede Estadual,CATIGUA,9º Ano EF,GERAL,MATEMÁTICA,249.6
Rede Estadual,CERQUEIRA CESAR,9º Ano EF,MANHÃ,MATEMÁTICA,248.0
Rede Estadual,CERQUEIRA CESAR,9º Ano EF,GERAL,MATEMÁTICA,248.0
Rede Estadual,CHARQUEADA,9º Ano EF,MANHÃ,MATEMÁTICA,249.1
Rede Estadual,CHARQUEADA,9º Ano EF,GERAL,MATEMÁTICA,249.1
Rede Estadual,CLEMENTINA,9º Ano EF,MANHÃ,MATEMÁTICA,249.4
Rede Estadual,CLEMENTINA,9º Ano EF,GERAL,MATEMÁTICA,249.4
Rede Estadual,CONCHAL,9º Ano EF,MANHÃ,MATEMÁTICA,258.9
Rede Estadual,CONCHAL,9º Ano EF,TARDE,MATEMÁTICA,268.8
Rede Estadual,CONCHAL,9º Ano EF,GERAL,MATEMÁTICA,261.3
Rede Estadual,CONCHAS,9º Ano EF,TARDE,MATEMÁTICA,232.6
Rede Estadual,CONCHAS,9º Ano EF,GERAL,MATEMÁTICA,232.6
Rede Estadual,CORDEIROPOLIS,9º Ano EF,MANHÃ,MATEMÁTICA,238.7
Rede Estadual,CORDEIROPOLIS,9º Ano EF,GERAL,MATEMÁTICA,238.7
Rede Estadual,COROADOS,9º Ano EF,MANHÃ,MATEMÁTICA,230.4
Rede Estadual,COROADOS,9º Ano EF,GERAL,MATEMÁTICA,230.4
Rede Estadual,CORONEL MACEDO,9º Ano EF,MANHÃ,MATEMÁTICA,249.8
Rede Estadual,CORONEL MACEDO,9º Ano EF,GERAL,MATEMÁTICA,249.8
Rede Estadual,COSMOPOLIS,9º Ano EF,TARDE,MATEMÁTICA,248.6
Rede Estadual,COSMOPOLIS,9º Ano EF,GERAL,MATEMÁTICA,248.6
Rede Estadual,COSMORAMA,9º Ano EF,MANHÃ,MATEMÁTICA,243.0
Rede Estadual,COSMORAMA,9º Ano EF,GERAL,MATEMÁTICA,243.0
Rede Estadual,COTIA,9º Ano EF,MANHÃ,MATEMÁTICA,238.6
Rede Estadual,COTIA,9º Ano EF,TARDE,MATEMÁTICA,240.5
Rede Estadual,COTIA,9º Ano EF,GERAL,MATEMÁTICA,239.1
Rede Estadual,CRAVINHOS,9º Ano EF,MANHÃ,MATEMÁTICA,239.6
Rede Estadual,CRAVINHOS,9º Ano EF,TARDE,MATEMÁTICA,231.0
Rede Estadual,CRAVINHOS,9º Ano EF,GERAL,MATEMÁTICA,238.0
Rede Estadual,CRUZALIA,9º Ano EF,MANHÃ,MATEMÁTICA,254.9
Rede Estadual,CRUZALIA,9º Ano EF,GERAL,MATEMÁTICA,254.9
Rede Estadual,CRUZEIRO,9º Ano EF,MANHÃ,MATEMÁTICA,247.0
Rede Estadual,CRUZEIRO,9º Ano EF,TARDE,MATEMÁTICA,244.1
Rede Estadual,CRUZEIRO,9º Ano EF,GERAL,MATEMÁTICA,246.3
Rede Estadual,CUBATAO,9º Ano EF,MANHÃ,MATEMÁTICA,257.6
Rede Estadual,CUBATAO,9º Ano EF,TARDE,MATEMÁTICA,238.2
Rede Estadual,CUBATAO,9º Ano EF,GERAL,MATEMÁTICA,251.6
Rede Estadual,CUNHA,9º Ano EF,MANHÃ,MATEMÁTICA,243.3
Rede Estadual,CUNHA,9º Ano EF,GERAL,MATEMÁTICA,243.3
Rede Estadual,DIADEMA,9º Ano EF,MANHÃ,MATEMÁTICA,244.3
Rede Estadual,DIADEMA,9º Ano EF,TARDE,MATEMÁTICA,242.6
Rede Estadual,DIADEMA,9º Ano EF,GERAL,MATEMÁTICA,244.3
Rede Estadual,DIVINOLANDIA,9º Ano EF,MANHÃ,MATEMÁTICA,267.6
Rede Estadual,DIVINOLANDIA,9º Ano EF,GERAL,MATEMÁTICA,267.6
Rede Estadual,DOBRADA,9º Ano EF,MANHÃ,MATEMÁTICA,233.4
Rede Estadual,DOBRADA,9º Ano EF,GERAL,MATEMÁTICA,233.4
Rede Estadual,DOIS CORREGOS,9º Ano EF,MANHÃ,MATEMÁTICA,234.7
Rede Estadual,DOIS CORREGOS,9º Ano EF,TARDE,MATEMÁTICA,227.0
Rede Estadual,DOIS CORREGOS,9º Ano EF,GERAL,MATEMÁTICA,232.3
Rede Estadual,DOLCINOPOLIS,9º Ano EF,MANHÃ,MATEMÁTICA,265.4
Rede Estadual,DOLCINOPOLIS,9º Ano EF,GERAL,MATEMÁTICA,265.4
Rede Estadual,DRACENA,9º Ano EF,MANHÃ,MATEMÁTICA,262.0
Rede Estadual,DRACENA,9º Ano EF,TARDE,MATEMÁTICA,232.5
Rede Estadual,DRACENA,9º Ano EF,GERAL,MATEMÁTICA,254.2
Rede Estadual,DUARTINA,9º Ano EF,MANHÃ,MATEMÁTICA,237.2
Rede Estadual,DUARTINA,9º Ano EF,GERAL,MATEMÁTICA,237.2
Rede Estadual,ECHAPORA,9º Ano EF,MANHÃ,MATEMÁTICA,243.6
Rede Estadual,ECHAPORA,9º Ano EF,GERAL,MATEMÁTICA,243.6
Rede Estadual,ELDORADO,9º Ano EF,MANHÃ,MATEMÁTICA,244.0
Rede Estadual,ELDORADO,9º Ano EF,TARDE,MATEMÁTICA,246.7
Rede Estadual,ELDORADO,9º Ano EF,GERAL,MATEMÁTICA,245.2
Rede Estadual,EMBU DAS ARTES,9º Ano EF,MANHÃ,MATEMÁTICA,242.7
Rede Estadual,EMBU DAS ARTES,9º Ano EF,TARDE,MATEMÁTICA,244.8
Rede Estadual,EMBU DAS ARTES,9º Ano EF,GERAL,MATEMÁTICA,242.9
Rede Estadual,EMBU-GUACU,9º Ano EF,MANHÃ,MATEMÁTICA,242.5
Rede Estadual,EMBU-GUACU,9º Ano EF,TARDE,MATEMÁTICA,240.8
Rede Estadual,EMBU-GUACU,9º Ano EF,GERAL,MATEMÁTICA,242.0
Rede Estadual,ESTRELA DO NORTE,9º Ano EF,TARDE,MATEMÁTICA,239.5
Rede Estadual,ESTRELA DO NORTE,9º Ano EF,GERAL,MATEMÁTICA,239.5
Rede Estadual,ESTRELA D'OESTE,9º Ano EF,MANHÃ,MATEMÁTICA,255.3
Rede Estadual,ESTRELA D'OESTE,9º Ano EF,GERAL,MATEMÁTICA,255.3
Rede Estadual,FARTURA,9º Ano EF,MANHÃ,MATEMÁTICA,270.6
Rede Estadual,FARTURA,9º Ano EF,TARDE,MATEMÁTICA,254.8
Rede Estadual,FARTURA,9º Ano EF,GERAL,MATEMÁTICA,267.5
Rede Estadual,FERNANDOPOLIS,9º Ano EF,MANHÃ,MATEMÁTICA,262.2
Rede Estadual,FERNANDOPOLIS,9º Ano EF,GERAL,MATEMÁTICA,262.2
Rede Estadual,FERRAZ DE VASCONCELOS,9º Ano EF,MANHÃ,MATEMÁTICA,244.2
Rede Estadual,FERRAZ DE VASCONCELOS,9º Ano EF,TARDE,MATEMÁTICA,235.9
Rede Estadual,FERRAZ DE VASCONCELOS,9º Ano EF,GERAL,MATEMÁTICA,243.4
Rede Estadual,FLOREAL,9º Ano EF,MANHÃ,MATEMÁTICA,263.2
Rede Estadual,FLOREAL,9º Ano EF,GERAL,MATEMÁTICA,263.2
Rede Estadual,FLORIDA PAULISTA,9º Ano EF,MANHÃ,MATEMÁTICA,246.4
Rede Estadual,FLORIDA PAULISTA,9º Ano EF,GERAL,MATEMÁTICA,246.4
Rede Estadual,FLORINEA,9º Ano EF,MANHÃ,MATEMÁTICA,241.3
Rede Estadual,FLORINEA,9º Ano EF,GERAL,MATEMÁTICA,241.3
Rede Estadual,FRANCA,9º Ano EF,MANHÃ,MATEMÁTICA,256.6
Rede Estadual,FRANCA,9º Ano EF,TARDE,MATEMÁTICA,244.5
Rede Estadual,FRANCA,9º Ano EF,GERAL,MATEMÁTICA,253.7
Rede Estadual,FRANCISCO MORATO,9º Ano EF,MANHÃ,MATEMÁTICA,241.0
Rede Estadual,FRANCISCO MORATO,9º Ano EF,TARDE,MATEMÁTICA,232.6
Rede Estadual,FRANCISCO MORATO,9º Ano EF,GERAL,MATEMÁTICA,240.0
Rede Estadual,FRANCO DA ROCHA,9º Ano EF,MANHÃ,MATEMÁTICA,238.9
Rede Estadual,FRANCO DA ROCHA,9º Ano EF,TARDE,MATEMÁTICA,228.9
Rede Estadual,FRANCO DA ROCHA,9º Ano EF,GERAL,MATEMÁTICA,237.7
Rede Estadual,GABRIEL MONTEIRO,9º Ano EF,MANHÃ,MATEMÁTICA,280.4
Rede Estadual,GABRIEL MONTEIRO,9º Ano EF,GERAL,MATEMÁTICA,280.4
Rede Estadual,GALIA,9º Ano EF,MANHÃ,MATEMÁTICA,232.2
Rede Estadual,GALIA,9º Ano EF,GERAL,MATEMÁTICA,232.2
Rede Estadual,GARCA,9º Ano EF,MANHÃ,MATEMÁTICA,240.9
Rede Estadual,GARCA,9º Ano EF,TARDE,MATEMÁTICA,243.6
Rede Estadual,GARCA,9º Ano EF,GERAL,MATEMÁTICA,241.4
Rede Estadual,GASTAO VIDIGAL,9º Ano EF,MANHÃ,MATEMÁTICA,252.4
Rede Estadual,GASTAO VIDIGAL,9º Ano EF,GERAL,MATEMÁTICA,252.4
Rede Estadual,GENERAL SALGADO,9º Ano EF,MANHÃ,MATEMÁTICA,278.1
Rede Estadual,GENERAL SALGADO,9º Ano EF,GERAL,MATEMÁTICA,278.1
Rede Estadual,GETULINA,9º Ano EF,MANHÃ,MATEMÁTICA,233.8
Rede Estadual,GETULINA,9º Ano EF,GERAL,MATEMÁTICA,233.8
Rede Estadual,GLICERIO,9º Ano EF,MANHÃ,MATEMÁTICA,220.4
Rede Estadual,GLICERIO,9º Ano EF,GERAL,MATEMÁTICA,220.4
Rede Estadual,GUAICARA,9º Ano EF,MANHÃ,MATEMÁTICA,252.1
Rede Estadual,GUAICARA,9º Ano EF,TARDE,MATEMÁTICA,247.0
Rede Estadual,GUAICARA,9º Ano EF,GERAL,MATEMÁTICA,250.5
Rede Estadual,GUAIMBE,9º Ano EF,MANHÃ,MATEMÁTICA,223.2
Rede Estadual,GUAIMBE,9º Ano EF,GERAL,MATEMÁTICA,223.2
Rede Estadual,GUAIRA,9º Ano EF,MANHÃ,MATEMÁTICA,247.5
Rede Estadual,GUAIRA,9º Ano EF,GERAL,MATEMÁTICA,247.5
Rede Estadual,GUAPIARA,9º Ano EF,MANHÃ,MATEMÁTICA,243.7
Rede Estadual,GUAPIARA,9º Ano EF,TARDE,MATEMÁTICA,240.5
Rede Estadual,GUAPIARA,9º Ano EF,GERAL,MATEMÁTICA,242.8
Rede Estadual,GUARACAI,9º Ano EF,MANHÃ,MATEMÁTICA,247.4
Rede Estadual,GUARACAI,9º Ano EF,TARDE,MATEMÁTICA,244.9
Rede Estadual,GUARACAI,9º Ano EF,GERAL,MATEMÁTICA,246.0
Rede Estadual,GUARANI D'OESTE,9º Ano EF,MANHÃ,MATEMÁTICA,256.0
Rede Estadual,GUARANI D'OESTE,9º Ano EF,GERAL,MATEMÁTICA,256.0
Rede Estadual,GUARANTA,9º Ano EF,MANHÃ,MATEMÁTICA,232.8
Rede Estadual,GUARANTA,9º Ano EF,GERAL,MATEMÁTICA,232.8
Rede Estadual,GUARARAPES,9º Ano EF,MANHÃ,MATEMÁTICA,251.9
Rede Estadual,GUARARAPES,9º Ano EF,GERAL,MATEMÁTICA,251.9
Rede Estadual,GUARAREMA,9º Ano EF,MANHÃ,MATEMÁTICA,246.8
Rede Estadual,GUARAREMA,9º Ano EF,GERAL,MATEMÁTICA,246.8
Rede Estadual,GUARATINGUETA,9º Ano EF,MANHÃ,MATEMÁTICA,254.1
Rede Estadual,GUARATINGUETA,9º Ano EF,TARDE,MATEMÁTICA,250.4
Rede Estadual,GUARATINGUETA,9º Ano EF,GERAL,MATEMÁTICA,253.8
Rede Estadual,GUAREI,9º Ano EF,MANHÃ,MATEMÁTICA,256.0
Rede Estadual,GUAREI,9º Ano EF,GERAL,MATEMÁTICA,256.0
Rede Estadual,GUARUJA,9º Ano EF,MANHÃ,MATEMÁTICA,240.7
Rede Estadual,GUARUJA,9º Ano EF,TARDE,MATEMÁTICA,238.1
Rede Estadual,GUARUJA,9º Ano EF,GERAL,MATEMÁTICA,239.7
Rede Estadual,GUARULHOS,9º Ano EF,MANHÃ,MATEMÁTICA,240.3
Rede Estadual,GUARULHOS,9º Ano EF,TARDE,MATEMÁTICA,236.4
Rede Estadual,GUARULHOS,9º Ano EF,GERAL,MATEMÁTICA,239.9
Rede Estadual,GUZOLANDIA,9º Ano EF,MANHÃ,MATEMÁTICA,254.6
Rede Estadual,GUZOLANDIA,9º Ano EF,GERAL,MATEMÁTICA,254.6
Rede Estadual,HERCULANDIA,9º Ano EF,MANHÃ,MATEMÁTICA,243.6
Rede Estadual,HERCULANDIA,9º Ano EF,GERAL,MATEMÁTICA,243.6
Rede Estadual,IACRI,9º Ano EF,MANHÃ,MATEMÁTICA,247.5
Rede Estadual,IACRI,9º Ano EF,GERAL,MATEMÁTICA,247.5
Rede Estadual,IBATE,9º Ano EF,MANHÃ,MATEMÁTICA,254.4
Rede Estadual,IBATE,9º Ano EF,TARDE,MATEMÁTICA,244.2
Rede Estadual,IBATE,9º Ano EF,GERAL,MATEMÁTICA,252.6
Rede Estadual,IBIRAREMA,9º Ano EF,MANHÃ,MATEMÁTICA,249.7
Rede Estadual,IBIRAREMA,9º Ano EF,TARDE,MATEMÁTICA,229.5
Rede Estadual,IBIRAREMA,9º Ano EF,GERAL,MATEMÁTICA,240.1
Rede Estadual,IBITINGA,9º Ano EF,MANHÃ,MATEMÁTICA,250.9
Rede Estadual,IBITINGA,9º Ano EF,TARDE,MATEMÁTICA,255.7
Rede Estadual,IBITINGA,9º Ano EF,GERAL,MATEMÁTICA,253.3
Rede Estadual,IBIUNA,9º Ano EF,MANHÃ,MATEMÁTICA,249.2
Rede Estadual,IBIUNA,9º Ano EF,TARDE,MATEMÁTICA,234.6
Rede Estadual,IBIUNA,9º Ano EF,GERAL,MATEMÁTICA,245.1
Rede Estadual,IEPE,9º Ano EF,MANHÃ,MATEMÁTICA,230.8
Rede Estadual,IEPE,9º Ano EF,TARDE,MATEMÁTICA,255.8
Rede Estadual,IEPE,9º Ano EF,GERAL,MATEMÁTICA,248.2
Rede Estadual,IGARACU DO TIETE,9º Ano EF,MANHÃ,MATEMÁTICA,230.1
Rede Estadual,IGARACU DO TIETE,9º Ano EF,GERAL,MATEMÁTICA,230.1
Rede Estadual,IGARATA,9º Ano EF,TARDE,MATEMÁTICA,243.3
Rede Estadual,IGARATA,9º Ano EF,GERAL,MATEMÁTICA,243.3
Rede Estadual,IGUAPE,9º Ano EF,MANHÃ,MATEMÁTICA,249.6
Rede Estadual,IGUAPE,9º Ano EF,TARDE,MATEMÁTICA,236.3
Rede Estadual,IGUAPE,9º Ano EF,GERAL,MATEMÁTICA,248.5
Rede Estadual,INDAIATUBA,9º Ano EF,MANHÃ,MATEMÁTICA,253.8
Rede Estadual,INDAIATUBA,9º Ano EF,TARDE,MATEMÁTICA,258.5
Rede Estadual,INDAIATUBA,9º Ano EF,GERAL,MATEMÁTICA,253.9
Rede Estadual,INDIANA,9º Ano EF,MANHÃ,MATEMÁTICA,249.9
Rede Estadual,INDIANA,9º Ano EF,GERAL,MATEMÁTICA,249.9
Rede Estadual,INDIAPORA,9º Ano EF,MANHÃ,MATEMÁTICA,263.3
Rede Estadual,INDIAPORA,9º Ano EF,GERAL,MATEMÁTICA,263.3
Rede Estadual,INUBIA PAULISTA,9º Ano EF,MANHÃ,MATEMÁTICA,268.7
Rede Estadual,INUBIA PAULISTA,9º Ano EF,GERAL,MATEMÁTICA,268.7
Rede Estadual,IPEUNA,9º Ano EF,MANHÃ,MATEMÁTICA,261.0
Rede Estadual,IPEUNA,9º Ano EF,GERAL,MATEMÁTICA,261.0
Rede Estadual,IPORANGA,9º Ano EF,MANHÃ,MATEMÁTICA,247.1
Rede Estadual,IPORANGA,9º Ano EF,TARDE,MATEMÁTICA,163.8
Rede Estadual,IPORANGA,9º Ano EF,GERAL,MATEMÁTICA,244.2
Rede Estadual,IRACEMAPOLIS,9º Ano EF,MANHÃ,MATEMÁTICA,262.9
Rede Estadual,IRACEMAPOLIS,9º Ano EF,GERAL,MATEMÁTICA,262.9
Rede Estadual,IRAPUA,9º Ano EF,MANHÃ,MATEMÁTICA,292.2
Rede Estadual,IRAPUA,9º Ano EF,GERAL,MATEMÁTICA,292.2
Rede Estadual,IRAPURU,9º Ano EF,MANHÃ,MATEMÁTICA,247.5
Rede Estadual,IRAPURU,9º Ano EF,GERAL,MATEMÁTICA,247.5
Rede Estadual,ITABERA,9º Ano EF,MANHÃ,MATEMÁTICA,245.4
Rede Estadual,ITABERA,9º Ano EF,TARDE,MATEMÁTICA,248.5
Rede Estadual,ITABERA,9º Ano EF,GERAL,MATEMÁTICA,245.7
Rede Estadual,ITAI,9º Ano EF,MANHÃ,MATEMÁTICA,242.5
Rede Estadual,ITAI,9º Ano EF,GERAL,MATEMÁTICA,242.5
Rede Estadual,ITAJU,9º Ano EF,MANHÃ,MATEMÁTICA,254.0
Rede Estadual,ITAJU,9º Ano EF,GERAL,MATEMÁTICA,254.0
Rede Estadual,ITANHAEM,9º Ano EF,MANHÃ,MATEMÁTICA,236.0
Rede Estadual,ITANHAEM,9º Ano EF,TARDE,MATEMÁTICA,233.0
Rede Estadual,ITANHAEM,9º Ano EF,GERAL,MATEMÁTICA,234.4
Rede Estadual,ITAPECERICA DA SERRA,9º Ano EF,MANHÃ,MATEMÁTICA,248.7
Rede Estadual,ITAPECERICA DA SERRA,9º Ano EF,TARDE,MATEMÁTICA,238.0
Rede Estadual,ITAPECERICA DA SERRA,9º Ano EF,GERAL,MATEMÁTICA,247.8
Rede Estadual,ITAPETININGA,9º Ano EF,MANHÃ,MATEMÁTICA,254.1
Rede Estadual,ITAPETININGA,9º Ano EF,TARDE,MATEMÁTICA,254.4
Rede Estadual,ITAPETININGA,9º Ano EF,GERAL,MATEMÁTICA,254.1
Rede Estadual,ITAPEVA,9º Ano EF,MANHÃ,MATEMÁTICA,247.0
Rede Estadual,ITAPEVA,9º Ano EF,GERAL,MATEMÁTICA,247.0
Rede Estadual,ITAPEVI,9º Ano EF,MANHÃ,MATEMÁTICA,236.4
Rede Estadual,ITAPEVI,9º Ano EF,TARDE,MATEMÁTICA,228.5
Rede Estadual,ITAPEVI,9º Ano EF,GERAL,MATEMÁTICA,236.0
Rede Estadual,ITAPIRA,9º Ano EF,MANHÃ,MATEMÁTICA,250.6
Rede Estadual,ITAPIRA,9º Ano EF,TARDE,MATEMÁTICA,243.6
Rede Estadual,ITAPIRA,9º Ano EF,GERAL,MATEMÁTICA,249.4
Rede Estadual,ITAPOLIS,9º Ano EF,MANHÃ,MATEMÁTICA,264.0
Rede Estadual,ITAPOLIS,9º Ano EF,TARDE,MATEMÁTICA,277.4
Rede Estadual,ITAPOLIS,9º Ano EF,GERAL,MATEMÁTICA,265.5
Rede Estadual,ITAPORANGA,9º Ano EF,MANHÃ,MATEMÁTICA,239.5
Rede Estadual,ITAPORANGA,9º Ano EF,TARDE,MATEMÁTICA,224.3
Rede Estadual,ITAPORANGA,9º Ano EF,GERAL,MATEMÁTICA,232.1
Rede Estadual,ITAPUI,9º Ano EF,MANHÃ,MATEMÁTICA,249.9
Rede Estadual,ITAPUI,9º Ano EF,GERAL,MATEMÁTICA,249.9
Rede Estadual,ITAPURA,9º Ano EF,MANHÃ,MATEMÁTICA,232.2
Rede Estadual,ITAPURA,9º Ano EF,GERAL,MATEMÁTICA,232.2
Rede Estadual,ITAQUAQUECETUBA,9º Ano EF,MANHÃ,MATEMÁTICA,235.5
Rede Estadual,ITAQUAQUECETUBA,9º Ano EF,TARDE,MATEMÁTICA,237.6
Rede Estadual,ITAQUAQUECETUBA,9º Ano EF,GERAL,MATEMÁTICA,235.8
Rede Estadual,ITARARE,9º Ano EF,MANHÃ,MATEMÁTICA,250.6
Rede Estadual,ITARARE,9º Ano EF,TARDE,MATEMÁTICA,253.9
Rede Estadual,ITARARE,9º Ano EF,GERAL,MATEMÁTICA,251.3
Rede Estadual,ITARIRI,9º Ano EF,MANHÃ,MATEMÁTICA,251.4
Rede Estadual,ITARIRI,9º Ano EF,GERAL,MATEMÁTICA,251.4
Rede Estadual,ITATINGA,9º Ano EF,MANHÃ,MATEMÁTICA,260.6
Rede Estadual,ITATINGA,9º Ano EF,GERAL,MATEMÁTICA,260.6
Rede Estadual,ITIRAPINA,9º Ano EF,MANHÃ,MATEMÁTICA,232.7
Rede Estadual,ITIRAPINA,9º Ano EF,TARDE,MATEMÁTICA,262.1
Rede Estadual,ITIRAPINA,9º Ano EF,GERAL,MATEMÁTICA,242.3
Rede Estadual,ITIRAPUA,9º Ano EF,MANHÃ,MATEMÁTICA,239.8
Rede Estadual,ITIRAPUA,9º Ano EF,GERAL,MATEMÁTICA,239.8
Rede Estadual,ITOBI,9º Ano EF,MANHÃ,MATEMÁTICA,248.0
Rede Estadual,ITOBI,9º Ano EF,TARDE,MATEMÁTICA,245.2
Rede Estadual,ITOBI,9º Ano EF,GERAL,MATEMÁTICA,246.2
Rede Estadual,ITU,9º Ano EF,MANHÃ,MATEMÁTICA,245.0
Rede Estadual,ITU,9º Ano EF,TARDE,MATEMÁTICA,243.7
Rede Estadual,ITU,9º Ano EF,GERAL,MATEMÁTICA,244.9
Rede Estadual,ITUPEVA,9º Ano EF,MANHÃ,MATEMÁTICA,243.8
Rede Estadual,ITUPEVA,9º Ano EF,GERAL,MATEMÁTICA,243.8
Rede Estadual,JABOTICABAL,9º Ano EF,MANHÃ,MATEMÁTICA,246.5
Rede Estadual,JABOTICABAL,9º Ano EF,TARDE,MATEMÁTICA,244.7
Rede Estadual,JABOTICABAL,9º Ano EF,GERAL,MATEMÁTICA,246.0
Rede Estadual,JACAREI,9º Ano EF,MANHÃ,MATEMÁTICA,248.4
Rede Estadual,JACAREI,9º Ano EF,TARDE,MATEMÁTICA,243.6
Rede Estadual,JACAREI,9º Ano EF,GERAL,MATEMÁTICA,247.7
Rede Estadual,JACI,9º Ano EF,MANHÃ,MATEMÁTICA,246.6
Rede Estadual,JACI,9º Ano EF,GERAL,MATEMÁTICA,246.6
Rede Estadual,JACUPIRANGA,9º Ano EF,MANHÃ,MATEMÁTICA,265.2
Rede Estadual,JACUPIRANGA,9º Ano EF,TARDE,MATEMÁTICA,253.8
Rede Estadual,JACUPIRANGA,9º Ano EF,GERAL,MATEMÁTICA,257.0
Rede Estadual,JALES,9º Ano EF,MANHÃ,MATEMÁTICA,267.9
Rede Estadual,JALES,9º Ano EF,GERAL,MATEMÁTICA,267.9
Rede Estadual,JANDIRA,9º Ano EF,MANHÃ,MATEMÁTICA,245.6
Rede Estadual,JANDIRA,9º Ano EF,TARDE,MATEMÁTICA,249.2
Rede Estadual,JANDIRA,9º Ano EF,GERAL,MATEMÁTICA,246.0
Rede Estadual,JARINU,9º Ano EF,MANHÃ,MATEMÁTICA,251.3
Rede Estadual,JARINU,9º Ano EF,GERAL,MATEMÁTICA,251.3
Rede Estadual,JAU,9º Ano EF,MANHÃ,MATEMÁTICA,246.2
Rede Estadual,JAU,9º Ano EF,TARDE,MATEMÁTICA,233.6
Rede Estadual,JAU,9º Ano EF,GERAL,MATEMÁTICA,245.4
Rede Estadual,JOAO RAMALHO,9º Ano EF,MANHÃ,MATEMÁTICA,260.2
Rede Estadual,JOAO RAMALHO,9º Ano EF,GERAL,MATEMÁTICA,260.2
Rede Estadual,JOSE BONIFACIO,9º Ano EF,MANHÃ,MATEMÁTICA,255.7
Rede Estadual,JOSE BONIFACIO,9º Ano EF,TARDE,MATEMÁTICA,257.3
Rede Estadual,JOSE BONIFACIO,9º Ano EF,GERAL,MATEMÁTICA,256.1
Rede Estadual,JULIO MESQUITA,9º Ano EF,MANHÃ,MATEMÁTICA,227.5
Rede Estadual,JULIO MESQUITA,9º Ano EF,GERAL,MATEMÁTICA,227.5
Rede Estadual,JUNDIAI,9º Ano EF,MANHÃ,MATEMÁTICA,258.2
Rede Estadual,JUNDIAI,9º Ano EF,TARDE,MATEMÁTICA,244.9
Rede Estadual,JUNDIAI,9º Ano EF,GERAL,MATEMÁTICA,255.9
Rede Estadual,JUNQUEIROPOLIS,9º Ano EF,MANHÃ,MATEMÁTICA,263.9
Rede Estadual,JUNQUEIROPOLIS,9º Ano EF,GERAL,MATEMÁTICA,263.9
Rede Estadual,JUQUIA,9º Ano EF,MANHÃ,MATEMÁTICA,245.4
Rede Estadual,JUQUIA,9º Ano EF,TARDE,MATEMÁTICA,241.5
Rede Estadual,JUQUIA,9º Ano EF,GERAL,MATEMÁTICA,244.2
Rede Estadual,JUQUITIBA,9º Ano EF,MANHÃ,MATEMÁTICA,259.7
Rede Estadual,JUQUITIBA,9º Ano EF,GERAL,MATEMÁTICA,259.7
Rede Estadual,LAGOINHA,9º Ano EF,MANHÃ,MATEMÁTICA,257.9
Rede Estadual,LAGOINHA,9º Ano EF,TARDE,MATEMÁTICA,250.9
Rede Estadual,LAGOINHA,9º Ano EF,GERAL,MATEMÁTICA,255.1
Rede Estadual,LARANJAL PAULISTA,9º Ano EF,TARDE,MATEMÁTICA,236.7
Rede Estadual,LARANJAL PAULISTA,9º Ano EF,GERAL,MATEMÁTICA,236.7
Rede Estadual,LAVRINHAS,9º Ano EF,MANHÃ,MATEMÁTICA,258.4
Rede Estadual,LAVRINHAS,9º Ano EF,GERAL,MATEMÁTICA,258.4
Rede Estadual,LEME,9º Ano EF,MANHÃ,MATEMÁTICA,250.0
Rede Estadual,LEME,9º Ano EF,TARDE,MATEMÁTICA,239.2
Rede Estadual,LEME,9º Ano EF,GERAL,MATEMÁTICA,246.7
Rede Estadual,LENCOIS PAULISTA,9º Ano EF,MANHÃ,MATEMÁTICA,251.4
Rede Estadual,LENCOIS PAULISTA,9º Ano EF,GERAL,MATEMÁTICA,251.4
Rede Estadual,LIMEIRA,9º Ano EF,MANHÃ,MATEMÁTICA,255.0
Rede Estadual,LIMEIRA,9º Ano EF,TARDE,MATEMÁTICA,245.4
Rede Estadual,LIMEIRA,9º Ano EF,GERAL,MATEMÁTICA,254.4
Rede Estadual,LINS,9º Ano EF,MANHÃ,MATEMÁTICA,245.5
Rede Estadual,LINS,9º Ano EF,TARDE,MATEMÁTICA,231.1
Rede Estadual,LINS,9º Ano EF,GERAL,MATEMÁTICA,242.5
Rede Estadual,LORENA,9º Ano EF,MANHÃ,MATEMÁTICA,241.9
Rede Estadual,LORENA,9º Ano EF,GERAL,MATEMÁTICA,241.9
Rede Estadual,LOUVEIRA,9º Ano EF,MANHÃ,MATEMÁTICA,247.4
Rede Estadual,LOUVEIRA,9º Ano EF,GERAL,MATEMÁTICA,247.4
Rede Estadual,LUCELIA,9º Ano EF,MANHÃ,MATEMÁTICA,246.0
Rede Estadual,LUCELIA,9º Ano EF,GERAL,MATEMÁTICA,246.0
Rede Estadual,LUCIANOPOLIS,9º Ano EF,MANHÃ,MATEMÁTICA,234.1
Rede Estadual,LUCIANOPOLIS,9º Ano EF,GERAL,MATEMÁTICA,234.1
Rede Estadual,LUIZIANIA,9º Ano EF,MANHÃ,MATEMÁTICA,259.4
Rede Estadual,LUIZIANIA,9º Ano EF,GERAL,MATEMÁTICA,259.4
Rede Estadual,LUPERCIO,9º Ano EF,TARDE,MATEMÁTICA,252.3
Rede Estadual,LUPERCIO,9º Ano EF,GERAL,MATEMÁTICA,252.3
Rede Estadual,LUTECIA,9º Ano EF,MANHÃ,MATEMÁTICA,231.9
Rede Estadual,LUTECIA,9º Ano EF,TARDE,MATEMÁTICA,256.7
Rede Estadual,LUTECIA,9º Ano EF,GERAL,MATEMÁTICA,244.0
Rede Estadual,MACATUBA,9º Ano EF,MANHÃ,MATEMÁTICA,247.0
Rede Estadual,MACATUBA,9º Ano EF,GERAL,MATEMÁTICA,247.0
Rede Estadual,MACAUBAL,9º Ano EF,MANHÃ,MATEMÁTICA,270.0
Rede Estadual,MACAUBAL,9º Ano EF,GERAL,MATEMÁTICA,270.0
Rede Estadual,MACEDONIA,9º Ano EF,MANHÃ,MATEMÁTICA,263.1
Rede Estadual,MACEDONIA,9º Ano EF,GERAL,MATEMÁTICA,263.1
Rede Estadual,MAGDA,9º Ano EF,MANHÃ,MATEMÁTICA,274.1
Rede Estadual,MAGDA,9º Ano EF,GERAL,MATEMÁTICA,274.1
Rede Estadual,MAIRIPORA,9º Ano EF,MANHÃ,MATEMÁTICA,244.0
Rede Estadual,MAIRIPORA,9º Ano EF,TARDE,MATEMÁTICA,255.9
Rede Estadual,MAIRIPORA,9º Ano EF,GERAL,MATEMÁTICA,245.7
Rede Estadual,MANDURI,9º Ano EF,MANHÃ,MATEMÁTICA,235.0
Rede Estadual,MANDURI,9º Ano EF,TARDE,MATEMÁTICA,215.7
Rede Estadual,MANDURI,9º Ano EF,GERAL,MATEMÁTICA,229.8
Rede Estadual,MARABA PAULISTA,9º Ano EF,MANHÃ,MATEMÁTICA,249.9
Rede Estadual,MARABA PAULISTA,9º Ano EF,TARDE,MATEMÁTICA,256.4
Rede Estadual,MARABA PAULISTA,9º Ano EF,GERAL,MATEMÁTICA,253.5
Rede Estadual,MARACAI,9º Ano EF,MANHÃ,MATEMÁTICA,254.4
Rede Estadual,MARACAI,9º Ano EF,TARDE,MATEMÁTICA,263.2
Rede Estadual,MARACAI,9º Ano EF,GERAL,MATEMÁTICA,255.0
Rede Estadual,MARIAPOLIS,9º Ano EF,MANHÃ,MATEMÁTICA,242.1
Rede Estadual,MARIAPOLIS,9º Ano EF,GERAL,MATEMÁTICA,242.1
Rede Estadual,MARILIA,9º Ano EF,MANHÃ,MATEMÁTICA,249.5
Rede Estadual,MARILIA,9º Ano EF,TARDE,MATEMÁTICA,251.3
Rede Estadual,MARILIA,9º Ano EF,GERAL,MATEMÁTICA,250.0
Rede Estadual,MARINOPOLIS,9º Ano EF,MANHÃ,MATEMÁTICA,290.0
Rede Estadual,MARINOPOLIS,9º Ano EF,GERAL,MATEMÁTICA,290.0
Rede Estadual,MARTINOPOLIS,9º Ano EF,MANHÃ,MATEMÁTICA,247.8
Rede Estadual,MARTINOPOLIS,9º Ano EF,TARDE,MATEMÁTICA,230.6
Rede Estadual,MARTINOPOLIS,9º Ano EF,GERAL,MATEMÁTICA,244.2
Rede Estadual,MATAO,9º Ano EF,MANHÃ,MATEMÁTICA,247.6
Rede Estadual,MATAO,9º Ano EF,GERAL,MATEMÁTICA,247.6
Rede Estadual,MAUA,9º Ano EF,MANHÃ,MATEMÁTICA,246.6
Rede Estadual,MAUA,9º Ano EF,TARDE,MATEMÁTICA,247.2
Rede Estadual,MAUA,9º Ano EF,GERAL,MATEMÁTICA,246.7
Rede Estadual,MENDONCA,9º Ano EF,MANHÃ,MATEMÁTICA,267.3
Rede Estadual,MENDONCA,9º Ano EF,GERAL,MATEMÁTICA,267.3
Rede Estadual,MERIDIANO,9º Ano EF,MANHÃ,MATEMÁTICA,266.8
Rede Estadual,MERIDIANO,9º Ano EF,GERAL,MATEMÁTICA,266.8
Rede Estadual,MINEIROS DO TIETE,9º Ano EF,MANHÃ,MATEMÁTICA,244.4
Rede Estadual,MINEIROS DO TIETE,9º Ano EF,TARDE,MATEMÁTICA,241.5
Rede Estadual,MINEIROS DO TIETE,9º Ano EF,GERAL,MATEMÁTICA,243.2
Rede Estadual,MIRA ESTRELA,9º Ano EF,MANHÃ,MATEMÁTICA,266.9
Rede Estadual,MIRA ESTRELA,9º Ano EF,GERAL,MATEMÁTICA,266.9
Rede Estadual,MIRACATU,9º Ano EF,MANHÃ,MATEMÁTICA,250.5
Rede Estadual,MIRACATU,9º Ano EF,TARDE,MATEMÁTICA,227.3
Rede Estadual,MIRACATU,9º Ano EF,GERAL,MATEMÁTICA,249.4
Rede Estadual,MIRANDOPOLIS,9º Ano EF,MANHÃ,MATEMÁTICA,228.5
Rede Estadual,MIRANDOPOLIS,9º Ano EF,GERAL,MATEMÁTICA,228.5
Rede Estadual,MIRANTE DO PARANAPANEMA,9º Ano EF,MANHÃ,MATEMÁTICA,258.9
Rede Estadual,MIRANTE DO PARANAPANEMA,9º Ano EF,TARDE,MATEMÁTICA,248.4
Rede Estadual,MIRANTE DO PARANAPANEMA,9º Ano EF,GERAL,MATEMÁTICA,255.7
Rede Estadual,MIRASSOL,9º Ano EF,MANHÃ,MATEMÁTICA,268.1
Rede Estadual,MIRASSOL,9º Ano EF,GERAL,MATEMÁTICA,268.1
Rede Estadual,MIRASSOLANDIA,9º Ano EF,MANHÃ,MATEMÁTICA,247.8
Rede Estadual,MIRASSOLANDIA,9º Ano EF,GERAL,MATEMÁTICA,247.8
Rede Estadual,MOCOCA,9º Ano EF,MANHÃ,MATEMÁTICA,245.1
Rede Estadual,MOCOCA,9º Ano EF,TARDE,MATEMÁTICA,248.0
Rede Estadual,MOCOCA,9º Ano EF,GERAL,MATEMÁTICA,245.3
Rede Estadual,MOGI DAS CRUZES,9º Ano EF,MANHÃ,MATEMÁTICA,248.8
Rede Estadual,MOGI DAS CRUZES,9º Ano EF,TARDE,MATEMÁTICA,247.8
Rede Estadual,MOGI DAS CRUZES,9º Ano EF,GERAL,MATEMÁTICA,248.6
Rede Estadual,MOGI GUACU,9º Ano EF,MANHÃ,MATEMÁTICA,254.9
Rede Estadual,MOGI GUACU,9º Ano EF,TARDE,MATEMÁTICA,242.2
Rede Estadual,MOGI GUACU,9º Ano EF,GERAL,MATEMÁTICA,251.9
Rede Estadual,MOGI MIRIM,9º Ano EF,MANHÃ,MATEMÁTICA,243.2
Rede Estadual,MOGI MIRIM,9º Ano EF,TARDE,MATEMÁTICA,239.1
Rede Estadual,MOGI MIRIM,9º Ano EF,GERAL,MATEMÁTICA,242.4
Rede Estadual,MONCOES,9º Ano EF,MANHÃ,MATEMÁTICA,266.3
Rede Estadual,MONCOES,9º Ano EF,GERAL,MATEMÁTICA,266.3
Rede Estadual,MONTE ALTO,9º Ano EF,MANHÃ,MATEMÁTICA,247.8
Rede Estadual,MONTE ALTO,9º Ano EF,TARDE,MATEMÁTICA,251.4
Rede Estadual,MONTE ALTO,9º Ano EF,GERAL,MATEMÁTICA,249.0
Rede Estadual,MONTE APRAZIVEL,9º Ano EF,MANHÃ,MATEMÁTICA,264.2
Rede Estadual,MONTE APRAZIVEL,9º Ano EF,GERAL,MATEMÁTICA,264.2
Rede Estadual,MONTE AZUL PAULISTA,9º Ano EF,MANHÃ,MATEMÁTICA,242.1
Rede Estadual,MONTE AZUL PAULISTA,9º Ano EF,GERAL,MATEMÁTICA,242.1
Rede Estadual,MONTE CASTELO,9º Ano EF,MANHÃ,MATEMÁTICA,238.9
Rede Estadual,MONTE CASTELO,9º Ano EF,GERAL,MATEMÁTICA,238.9
Rede Estadual,MONTE MOR,9º Ano EF,MANHÃ,MATEMÁTICA,242.3
Rede Estadual,MONTE MOR,9º Ano EF,TARDE,MATEMÁTICA,235.1
Rede Estadual,MONTE MOR,9º Ano EF,GERAL,MATEMÁTICA,240.6
Rede Estadual,MONTEIRO LOBATO,9º Ano EF,TARDE,MATEMÁTICA,246.9
Rede Estadual,MONTEIRO LOBATO,9º Ano EF,GERAL,MATEMÁTICA,246.9
Rede Estadual,MORRO AGUDO,9º Ano EF,MANHÃ,MATEMÁTICA,236.0
Rede Estadual,MORRO AGUDO,9º Ano EF,GERAL,MATEMÁTICA,236.0
Rede Estadual,MORUNGABA,9º Ano EF,MANHÃ,MATEMÁTICA,239.4
Rede Estadual,MORUNGABA,9º Ano EF,GERAL,MATEMÁTICA,239.4
Rede Estadual,MURUTINGA DO SUL,9º Ano EF,MANHÃ,MATEMÁTICA,255.0
Rede Estadual,MURUTINGA DO SUL,9º Ano EF,GERAL,MATEMÁTICA,255.0
Rede Estadual,NATIVIDADE DA SERRA,9º Ano EF,MANHÃ,MATEMÁTICA,248.7
Rede Estadual,NATIVIDADE DA SERRA,9º Ano EF,TARDE,MATEMÁTICA,231.9
Rede Estadual,NATIVIDADE DA SERRA,9º Ano EF,GERAL,MATEMÁTICA,245.5
Rede Estadual,NAZARE PAULISTA,9º Ano EF,MANHÃ,MATEMÁTICA,249.1
Rede Estadual,NAZARE PAULISTA,9º Ano EF,GERAL,MATEMÁTICA,249.1
Rede Estadual,NEVES PAULISTA,9º Ano EF,MANHÃ,MATEMÁTICA,246.0
Rede Estadual,NEVES PAULISTA,9º Ano EF,GERAL,MATEMÁTICA,246.0
Rede Estadual,NHANDEARA,9º Ano EF,MANHÃ,MATEMÁTICA,251.2
Rede Estadual,NHANDEARA,9º Ano EF,GERAL,MATEMÁTICA,251.2
Rede Estadual,NIPOA,9º Ano EF,MANHÃ,MATEMÁTICA,252.7
Rede Estadual,NIPOA,9º Ano EF,GERAL,MATEMÁTICA,252.7
Rede Estadual,NOVA ALIANCA,9º Ano EF,MANHÃ,MATEMÁTICA,257.4
Rede Estadual,NOVA ALIANCA,9º Ano EF,GERAL,MATEMÁTICA,257.4
Rede Estadual,NOVA GRANADA,9º Ano EF,MANHÃ,MATEMÁTICA,252.9
Rede Estadual,NOVA GRANADA,9º Ano EF,TARDE,MATEMÁTICA,232.0
Rede Estadual,NOVA GRANADA,9º Ano EF,GERAL,MATEMÁTICA,247.9
Rede Estadual,NOVA GUATAPORANGA,9º Ano EF,MANHÃ,MATEMÁTICA,249.0
Rede Estadual,NOVA GUATAPORANGA,9º Ano EF,GERAL,MATEMÁTICA,249.0
Rede Estadual,NOVA LUZITANIA,9º Ano EF,MANHÃ,MATEMÁTICA,281.1
Rede Estadual,NOVA LUZITANIA,9º Ano EF,GERAL,MATEMÁTICA,281.1
Rede Estadual,NOVA ODESSA,9º Ano EF,MANHÃ,MATEMÁTICA,260.7
Rede Estadual,NOVA ODESSA,9º Ano EF,TARDE,MATEMÁTICA,250.6
Rede Estadual,NOVA ODESSA,9º Ano EF,GERAL,MATEMÁTICA,260.0
Rede Estadual,NOVO HORIZONTE,9º Ano EF,MANHÃ,MATEMÁTICA,260.5
Rede Estadual,NOVO HORIZONTE,9º Ano EF,GERAL,MATEMÁTICA,260.5
Rede Estadual,OCAUCU,9º Ano EF,MANHÃ,MATEMÁTICA,275.5
Rede Estadual,OCAUCU,9º Ano EF,TARDE,MATEMÁTICA,232.5
Rede Estadual,OCAUCU,9º Ano EF,GERAL,MATEMÁTICA,255.1
Rede Estadual,OLEO,9º Ano EF,MANHÃ,MATEMÁTICA,236.6
Rede Estadual,OLEO,9º Ano EF,GERAL,MATEMÁTICA,236.6
Rede Estadual,OLIMPIA,9º Ano EF,MANHÃ,MATEMÁTICA,262.6
Rede Estadual,OLIMPIA,9º Ano EF,GERAL,MATEMÁTICA,262.6
Rede Estadual,ONDA VERDE,9º Ano EF,MANHÃ,MATEMÁTICA,243.3
Rede Estadual,ONDA VERDE,9º Ano EF,GERAL,MATEMÁTICA,243.3
Rede Estadual,ORIENTE,9º Ano EF,MANHÃ,MATEMÁTICA,237.1
Rede Estadual,ORIENTE,9º Ano EF,GERAL,MATEMÁTICA,237.1
Rede Estadual,OSASCO,9º Ano EF,MANHÃ,MATEMÁTICA,237.5
Rede Estadual,OSASCO,9º Ano EF,TARDE,MATEMÁTICA,237.5
Rede Estadual,OSASCO,9º Ano EF,GERAL,MATEMÁTICA,237.5
Rede Estadual,OSVALDO CRUZ,9º Ano EF,MANHÃ,MATEMÁTICA,249.7
Rede Estadual,OSVALDO CRUZ,9º Ano EF,GERAL,MATEMÁTICA,249.7
Rede Estadual,OURINHOS,9º Ano EF,MANHÃ,MATEMÁTICA,259.6
Rede Estadual,OURINHOS,9º Ano EF,TARDE,MATEMÁTICA,245.0
Rede Estadual,OURINHOS,9º Ano EF,GERAL,MATEMÁTICA,256.1
Rede Estadual,PACAEMBU,9º Ano EF,MANHÃ,MATEMÁTICA,253.7
Rede Estadual,PACAEMBU,9º Ano EF,GERAL,MATEMÁTICA,253.7
Rede Estadual,PALMARES PAULISTA,9º Ano EF,MANHÃ,MATEMÁTICA,267.3
Rede Estadual,PALMARES PAULISTA,9º Ano EF,GERAL,MATEMÁTICA,267.3
Rede Estadual,PALMEIRA D'OESTE,9º Ano EF,MANHÃ,MATEMÁTICA,269.5
Rede Estadual,PALMEIRA D'OESTE,9º Ano EF,GERAL,MATEMÁTICA,269.5
Rede Estadual,PALMITAL,9º Ano EF,MANHÃ,MATEMÁTICA,248.6
Rede Estadual,PALMITAL,9º Ano EF,GERAL,MATEMÁTICA,248.6
Rede Estadual,PANORAMA,9º Ano EF,MANHÃ,MATEMÁTICA,242.2
Rede Estadual,PANORAMA,9º Ano EF,GERAL,MATEMÁTICA,242.2
Rede Estadual,PARAGUACU PAULISTA,9º Ano EF,MANHÃ,MATEMÁTICA,256.4
Rede Estadual,PARAGUACU PAULISTA,9º Ano EF,GERAL,MATEMÁTICA,256.4
Rede Estadual,PARAIBUNA,9º Ano EF,MANHÃ,MATEMÁTICA,253.5
Rede Estadual,PARAIBUNA,9º Ano EF,TARDE,MATEMÁTICA,245.5
Rede Estadual,PARAIBUNA,9º Ano EF,GERAL,MATEMÁTICA,251.7
Rede Estadual,PARANAPUA,9º Ano EF,MANHÃ,MATEMÁTICA,248.3
Rede Estadual,PARANAPUA,9º Ano EF,GERAL,MATEMÁTICA,248.3
Rede Estadual,PARAPUA,9º Ano EF,MANHÃ,MATEMÁTICA,251.4
Rede Estadual,PARAPUA,9º Ano EF,GERAL,MATEMÁTICA,251.4
Rede Estadual,PARIQUERA-ACU,9º Ano EF,MANHÃ,MATEMÁTICA,243.3
Rede Estadual,PARIQUERA-ACU,9º Ano EF,TARDE,MATEMÁTICA,245.0
Rede Estadual,PARIQUERA-ACU,9º Ano EF,GERAL,MATEMÁTICA,243.6
Rede Estadual,PATROCINIO PAULISTA,9º Ano EF,MANHÃ,MATEMÁTICA,221.2
Rede Estadual,PATROCINIO PAULISTA,9º Ano EF,TARDE,MATEMÁTICA,224.2
Rede Estadual,PATROCINIO PAULISTA,9º Ano EF,GERAL,MATEMÁTICA,222.4
Rede Estadual,PAULICEIA,9º Ano EF,MANHÃ,MATEMÁTICA,243.8
Rede Estadual,PAULICEIA,9º Ano EF,TARDE,MATEMÁTICA,226.3
Rede Estadual,PAULICEIA,9º Ano EF,GERAL,MATEMÁTICA,237.7
Rede Estadual,PAULINIA,9º Ano EF,MANHÃ,MATEMÁTICA,251.3
Rede Estadual,PAULINIA,9º Ano EF,TARDE,MATEMÁTICA,233.9
Rede Estadual,PAULINIA,9º Ano EF,GERAL,MATEMÁTICA,249.0
Rede Estadual,PEDERNEIRAS,9º Ano EF,MANHÃ,MATEMÁTICA,243.5
Rede Estadual,PEDERNEIRAS,9º Ano EF,GERAL,MATEMÁTICA,243.5
Rede Estadual,PEDRANOPOLIS,9º Ano EF,MANHÃ,MATEMÁTICA,264.6
Rede Estadual,PEDRANOPOLIS,9º Ano EF,GERAL,MATEMÁTICA,264.6
Rede Estadual,PEDREGULHO,9º Ano EF,MANHÃ,MATEMÁTICA,239.8
Rede Estadual,PEDREGULHO,9º Ano EF,TARDE,MATEMÁTICA,235.4
Rede Estadual,PEDREGULHO,9º Ano EF,GERAL,MATEMÁTICA,238.5
Rede Estadual,PEDREIRA,9º Ano EF,MANHÃ,MATEMÁTICA,256.9
Rede Estadual,PEDREIRA,9º Ano EF,TARDE,MATEMÁTICA,229.2
Rede Estadual,PEDREIRA,9º Ano EF,GERAL,MATEMÁTICA,254.8
Rede Estadual,PEDRO DE TOLEDO,9º Ano EF,MANHÃ,MATEMÁTICA,248.6
Rede Estadual,PEDRO DE TOLEDO,9º Ano EF,TARDE,MATEMÁTICA,233.4
Rede Estadual,PEDRO DE TOLEDO,9º Ano EF,GERAL,MATEMÁTICA,245.6
Rede Estadual,PENAPOLIS,9º Ano EF,MANHÃ,MATEMÁTICA,248.8
Rede Estadual,PENAPOLIS,9º Ano EF,TARDE,MATEMÁTICA,253.6
Rede Estadual,PENAPOLIS,9º Ano EF,GERAL,MATEMÁTICA,249.1
Rede Estadual,PEREIRA BARRETO,9º Ano EF,MANHÃ,MATEMÁTICA,263.8
Rede Estadual,PEREIRA BARRETO,9º Ano EF,GERAL,MATEMÁTICA,263.8
Rede Estadual,PEREIRAS,9º Ano EF,MANHÃ,MATEMÁTICA,250.1
Rede Estadual,PEREIRAS,9º Ano EF,TARDE,MATEMÁTICA,241.2
Rede Estadual,PEREIRAS,9º Ano EF,GERAL,MATEMÁTICA,246.4
Rede Estadual,PERUIBE,9º Ano EF,MANHÃ,MATEMÁTICA,241.4
Rede Estadual,PERUIBE,9º Ano EF,TARDE,MATEMÁTICA,249.3
Rede Estadual,PERUIBE,9º Ano EF,GERAL,MATEMÁTICA,242.2
Rede Estadual,PIACATU,9º Ano EF,MANHÃ,MATEMÁTICA,261.8
Rede Estadual,PIACATU,9º Ano EF,GERAL,MATEMÁTICA,261.8
Rede Estadual,PIEDADE,9º Ano EF,MANHÃ,MATEMÁTICA,259.0
Rede Estadual,PIEDADE,9º Ano EF,GERAL,MATEMÁTICA,259.0
Rede Estadual,PILAR DO SUL,9º Ano EF,MANHÃ,MATEMÁTICA,257.3
Rede Estadual,PILAR DO SUL,9º Ano EF,GERAL,MATEMÁTICA,257.3
Rede Estadual,PINDAMONHANGABA,9º Ano EF,MANHÃ,MATEMÁTICA,258.5
Rede Estadual,PINDAMONHANGABA,9º Ano EF,TARDE,MATEMÁTICA,241.1
Rede Estadual,PINDAMONHANGABA,9º Ano EF,GERAL,MATEMÁTICA,255.0
Rede Estadual,ESPIRITO SANTO DO PINHAL,9º Ano EF,MANHÃ,MATEMÁTICA,249.9
Rede Estadual,ESPIRITO SANTO DO PINHAL,9º Ano EF,TARDE,MATEMÁTICA,241.6
Rede Estadual,ESPIRITO SANTO DO PINHAL,9º Ano EF,GERAL,MATEMÁTICA,247.5
Rede Estadual,PIQUEROBI,9º Ano EF,MANHÃ,MATEMÁTICA,259.1
Rede Estadual,PIQUEROBI,9º Ano EF,TARDE,MATEMÁTICA,284.4
Rede Estadual,PIQUEROBI,9º Ano EF,GERAL,MATEMÁTICA,269.8
Rede Estadual,PIQUETE,9º Ano EF,MANHÃ,MATEMÁTICA,252.1
Rede Estadual,PIQUETE,9º Ano EF,GERAL,MATEMÁTICA,252.1
Rede Estadual,PIRACAIA,9º Ano EF,MANHÃ,MATEMÁTICA,249.6
Rede Estadual,PIRACAIA,9º Ano EF,TARDE,MATEMÁTICA,254.9
Rede Estadual,PIRACAIA,9º Ano EF,GERAL,MATEMÁTICA,250.6
Rede Estadual,PIRACICABA,9º Ano EF,MANHÃ,MATEMÁTICA,254.2
Rede Estadual,PIRACICABA,9º Ano EF,TARDE,MATEMÁTICA,251.1
Rede Estadual,PIRACICABA,9º Ano EF,GERAL,MATEMÁTICA,254.1
Rede Estadual,PIRASSUNUNGA,9º Ano EF,MANHÃ,MATEMÁTICA,248.3
Rede Estadual,PIRASSUNUNGA,9º Ano EF,TARDE,MATEMÁTICA,234.9
Rede Estadual,PIRASSUNUNGA,9º Ano EF,GERAL,MATEMÁTICA,247.3
Rede Estadual,PIRAJU,9º Ano EF,MANHÃ,MATEMÁTICA,254.4
Rede Estadual,PIRAJU,9º Ano EF,GERAL,MATEMÁTICA,254.4
Rede Estadual,PIRAJUI,9º Ano EF,MANHÃ,MATEMÁTICA,254.6
Rede Estadual,PIRAJUI,9º Ano EF,GERAL,MATEMÁTICA,254.6
Rede Estadual,PIRANGI,9º Ano EF,MANHÃ,MATEMÁTICA,250.0
Rede Estadual,PIRANGI,9º Ano EF,TARDE,MATEMÁTICA,238.9
Rede Estadual,PIRANGI,9º Ano EF,GERAL,MATEMÁTICA,242.6
Rede Estadual,PIRAPOZINHO,9º Ano EF,MANHÃ,MATEMÁTICA,242.8
Rede Estadual,PIRAPOZINHO,9º Ano EF,GERAL,MATEMÁTICA,242.8
Rede Estadual,PIRATININGA,9º Ano EF,MANHÃ,MATEMÁTICA,226.8
Rede Estadual,PIRATININGA,9º Ano EF,GERAL,MATEMÁTICA,226.8
Rede Estadual,PITANGUEIRAS,9º Ano EF,MANHÃ,MATEMÁTICA,255.2
Rede Estadual,PITANGUEIRAS,9º Ano EF,TARDE,MATEMÁTICA,252.0
Rede Estadual,PITANGUEIRAS,9º Ano EF,GERAL,MATEMÁTICA,253.5
Rede Estadual,PLANALTO,9º Ano EF,MANHÃ,MATEMÁTICA,258.3
Rede Estadual,PLANALTO,9º Ano EF,GERAL,MATEMÁTICA,258.3
Rede Estadual,PLATINA,9º Ano EF,MANHÃ,MATEMÁTICA,235.0
Rede Estadual,PLATINA,9º Ano EF,GERAL,MATEMÁTICA,235.0
Rede Estadual,POA,9º Ano EF,MANHÃ,MATEMÁTICA,243.4
Rede Estadual,POA,9º Ano EF,TARDE,MATEMÁTICA,239.8
Rede Estadual,POA,9º Ano EF,GERAL,MATEMÁTICA,242.4
Rede Estadual,POLONI,9º Ano EF,MANHÃ,MATEMÁTICA,252.0
Rede Estadual,POLONI,9º Ano EF,GERAL,MATEMÁTICA,252.0
Rede Estadual,POMPEIA,9º Ano EF,MANHÃ,MATEMÁTICA,243.9
Rede Estadual,POMPEIA,9º Ano EF,TARDE,MATEMÁTICA,248.7
Rede Estadual,POMPEIA,9º Ano EF,GERAL,MATEMÁTICA,246.7
Rede Estadual,PONGAI,9º Ano EF,MANHÃ,MATEMÁTICA,297.1
Rede Estadual,PONGAI,9º Ano EF,GERAL,MATEMÁTICA,297.1
Rede Estadual,PONTAL,9º Ano EF,MANHÃ,MATEMÁTICA,247.0
Rede Estadual,PONTAL,9º Ano EF,TARDE,MATEMÁTICA,255.3
Rede Estadual,PONTAL,9º Ano EF,GERAL,MATEMÁTICA,248.5
Rede Estadual,PONTES GESTAL,9º Ano EF,MANHÃ,MATEMÁTICA,233.0
Rede Estadual,PONTES GESTAL,9º Ano EF,GERAL,MATEMÁTICA,233.0
Rede Estadual,POPULINA,9º Ano EF,MANHÃ,MATEMÁTICA,274.4
Rede Estadual,POPULINA,9º Ano EF,GERAL,MATEMÁTICA,274.4
Rede Estadual,PORANGABA,9º Ano EF,MANHÃ,MATEMÁTICA,239.9
Rede Estadual,PORANGABA,9º Ano EF,TARDE,MATEMÁTICA,234.2
Rede Estadual,PORANGABA,9º Ano EF,GERAL,MATEMÁTICA,237.4
Rede Estadual,PORTO FELIZ,9º Ano EF,MANHÃ,MATEMÁTICA,250.4
Rede Estadual,PORTO FELIZ,9º Ano EF,GERAL,MATEMÁTICA,250.4
Rede Estadual,PORTO FERREIRA,9º Ano EF,MANHÃ,MATEMÁTICA,243.3
Rede Estadual,PORTO FERREIRA,9º Ano EF,GERAL,MATEMÁTICA,243.3
Rede Estadual,PRAIA GRANDE,9º Ano EF,MANHÃ,MATEMÁTICA,250.8
Rede Estadual,PRAIA GRANDE,9º Ano EF,TARDE,MATEMÁTICA,242.8
Rede Estadual,PRAIA GRANDE,9º Ano EF,GERAL,MATEMÁTICA,248.5
Rede Estadual,PRESIDENTE ALVES,9º Ano EF,MANHÃ,MATEMÁTICA,257.9
Rede Estadual,PRESIDENTE ALVES,9º Ano EF,GERAL,MATEMÁTICA,257.9
Rede Estadual,PRESIDENTE EPITACIO,9º Ano EF,MANHÃ,MATEMÁTICA,259.3
Rede Estadual,PRESIDENTE EPITACIO,9º Ano EF,GERAL,MATEMÁTICA,259.3
Rede Estadual,PRESIDENTE PRUDENTE,9º Ano EF,MANHÃ,MATEMÁTICA,246.1
Rede Estadual,PRESIDENTE PRUDENTE,9º Ano EF,TARDE,MATEMÁTICA,245.5
Rede Estadual,PRESIDENTE PRUDENTE,9º Ano EF,GERAL,MATEMÁTICA,246.0
Rede Estadual,PRESIDENTE VENCESLAU,9º Ano EF,MANHÃ,MATEMÁTICA,259.6
Rede Estadual,PRESIDENTE VENCESLAU,9º Ano EF,TARDE,MATEMÁTICA,225.5
Rede Estadual,PRESIDENTE VENCESLAU,9º Ano EF,GERAL,MATEMÁTICA,256.4
Rede Estadual,PROMISSAO,9º Ano EF,MANHÃ,MATEMÁTICA,248.4
Rede Estadual,PROMISSAO,9º Ano EF,TARDE,MATEMÁTICA,242.2
Rede Estadual,PROMISSAO,9º Ano EF,GERAL,MATEMÁTICA,246.1
Rede Estadual,QUATA,9º Ano EF,MANHÃ,MATEMÁTICA,243.6
Rede Estadual,QUATA,9º Ano EF,GERAL,MATEMÁTICA,243.6
Rede Estadual,QUEIROZ,9º Ano EF,MANHÃ,MATEMÁTICA,246.2
Rede Estadual,QUEIROZ,9º Ano EF,GERAL,MATEMÁTICA,246.2
Rede Estadual,QUINTANA,9º Ano EF,MANHÃ,MATEMÁTICA,255.3
Rede Estadual,QUINTANA,9º Ano EF,TARDE,MATEMÁTICA,237.9
Rede Estadual,QUINTANA,9º Ano EF,GERAL,MATEMÁTICA,250.0
Rede Estadual,RAFARD,9º Ano EF,MANHÃ,MATEMÁTICA,247.1
Rede Estadual,RAFARD,9º Ano EF,TARDE,MATEMÁTICA,260.2
Rede Estadual,RAFARD,9º Ano EF,GERAL,MATEMÁTICA,257.1
Rede Estadual,RANCHARIA,9º Ano EF,MANHÃ,MATEMÁTICA,259.2
Rede Estadual,RANCHARIA,9º Ano EF,GERAL,MATEMÁTICA,259.2
Rede Estadual,REDENCAO DA SERRA,9º Ano EF,MANHÃ,MATEMÁTICA,235.6
Rede Estadual,REDENCAO DA SERRA,9º Ano EF,GERAL,MATEMÁTICA,235.6
Rede Estadual,REGENTE FEIJO,9º Ano EF,MANHÃ,MATEMÁTICA,244.0
Rede Estadual,REGENTE FEIJO,9º Ano EF,TARDE,MATEMÁTICA,239.5
Rede Estadual,REGENTE FEIJO,9º Ano EF,GERAL,MATEMÁTICA,242.5
Rede Estadual,REGINOPOLIS,9º Ano EF,MANHÃ,MATEMÁTICA,240.3
Rede Estadual,REGINOPOLIS,9º Ano EF,GERAL,MATEMÁTICA,240.3
Rede Estadual,REGISTRO,9º Ano EF,MANHÃ,MATEMÁTICA,255.0
Rede Estadual,REGISTRO,9º Ano EF,TARDE,MATEMÁTICA,248.8
Rede Estadual,REGISTRO,9º Ano EF,GERAL,MATEMÁTICA,253.7
Rede Estadual,RIBEIRA,9º Ano EF,MANHÃ,MATEMÁTICA,259.2
Rede Estadual,RIBEIRA,9º Ano EF,GERAL,MATEMÁTICA,259.2
Rede Estadual,RIBEIRAO BRANCO,9º Ano EF,MANHÃ,MATEMÁTICA,258.1
Rede Estadual,RIBEIRAO BRANCO,9º Ano EF,GERAL,MATEMÁTICA,258.1
Rede Estadual,RIBEIRAO DO SUL,9º Ano EF,MANHÃ,MATEMÁTICA,233.2
Rede Estadual,RIBEIRAO DO SUL,9º Ano EF,TARDE,MATEMÁTICA,262.0
Rede Estadual,RIBEIRAO DO SUL,9º Ano EF,GERAL,MATEMÁTICA,249.0
Rede Estadual,RIBEIRAO PIRES,9º Ano EF,MANHÃ,MATEMÁTICA,253.8
Rede Estadual,RIBEIRAO PIRES,9º Ano EF,TARDE,MATEMÁTICA,257.6
Rede Estadual,RIBEIRAO PIRES,9º Ano EF,GERAL,MATEMÁTICA,254.7
Rede Estadual,RIBEIRAO PRETO,9º Ano EF,MANHÃ,MATEMÁTICA,243.4
Rede Estadual,RIBEIRAO PRETO,9º Ano EF,TARDE,MATEMÁTICA,240.1
Rede Estadual,RIBEIRAO PRETO,9º Ano EF,GERAL,MATEMÁTICA,242.6
Rede Estadual,RIVERSUL,9º Ano EF,MANHÃ,MATEMÁTICA,263.0
Rede Estadual,RIVERSUL,9º Ano EF,TARDE,MATEMÁTICA,234.6
Rede Estadual,RIVERSUL,9º Ano EF,GERAL,MATEMÁTICA,244.8
Rede Estadual,RIFAINA,9º Ano EF,MANHÃ,MATEMÁTICA,239.6
Rede Estadual,RIFAINA,9º Ano EF,GERAL,MATEMÁTICA,239.6
Rede Estadual,RINCAO,9º Ano EF,MANHÃ,MATEMÁTICA,239.6
Rede Estadual,RINCAO,9º Ano EF,GERAL,MATEMÁTICA,239.6
Rede Estadual,RINOPOLIS,9º Ano EF,MANHÃ,MATEMÁTICA,261.5
Rede Estadual,RINOPOLIS,9º Ano EF,TARDE,MATEMÁTICA,249.9
Rede Estadual,RINOPOLIS,9º Ano EF,GERAL,MATEMÁTICA,259.2
Rede Estadual,RIO CLARO,9º Ano EF,MANHÃ,MATEMÁTICA,245.3
Rede Estadual,RIO CLARO,9º Ano EF,TARDE,MATEMÁTICA,244.4
Rede Estadual,RIO CLARO,9º Ano EF,GERAL,MATEMÁTICA,245.3
Rede Estadual,RIO DAS PEDRAS,9º Ano EF,MANHÃ,MATEMÁTICA,254.8
Rede Estadual,RIO DAS PEDRAS,9º Ano EF,GERAL,MATEMÁTICA,254.8
Rede Estadual,RIO GRANDE DA SERRA,9º Ano EF,MANHÃ,MATEMÁTICA,246.7
Rede Estadual,RIO GRANDE DA SERRA,9º Ano EF,GERAL,MATEMÁTICA,246.7
Rede Estadual,RUBIACEA,9º Ano EF,MANHÃ,MATEMÁTICA,252.8
Rede Estadual,RUBIACEA,9º Ano EF,GERAL,MATEMÁTICA,252.8
Rede Estadual,RUBINEIA,9º Ano EF,MANHÃ,MATEMÁTICA,255.5
Rede Estadual,RUBINEIA,9º Ano EF,GERAL,MATEMÁTICA,255.5
Rede Estadual,SABINO,9º Ano EF,MANHÃ,MATEMÁTICA,229.9
Rede Estadual,SABINO,9º Ano EF,GERAL,MATEMÁTICA,229.9
Rede Estadual,SAGRES,9º Ano EF,MANHÃ,MATEMÁTICA,274.0
Rede Estadual,SAGRES,9º Ano EF,GERAL,MATEMÁTICA,274.0
Rede Estadual,SALES,9º Ano EF,MANHÃ,MATEMÁTICA,251.3
Rede Estadual,SALES,9º Ano EF,GERAL,MATEMÁTICA,251.3
Rede Estadual,SALES OLIVEIRA,9º Ano EF,MANHÃ,MATEMÁTICA,227.8
Rede Estadual,SALES OLIVEIRA,9º Ano EF,GERAL,MATEMÁTICA,227.8
Rede Estadual,SALESOPOLIS,9º Ano EF,MANHÃ,MATEMÁTICA,271.8
Rede Estadual,SALESOPOLIS,9º Ano EF,TARDE,MATEMÁTICA,248.7
Rede Estadual,SALESOPOLIS,9º Ano EF,GERAL,MATEMÁTICA,262.3
Rede Estadual,SALMOURAO,9º Ano EF,MANHÃ,MATEMÁTICA,243.3
Rede Estadual,SALMOURAO,9º Ano EF,GERAL,MATEMÁTICA,243.3
Rede Estadual,SALTO,9º Ano EF,MANHÃ,MATEMÁTICA,247.6
Rede Estadual,SALTO,9º Ano EF,TARDE,MATEMÁTICA,260.4
Rede Estadual,SALTO,9º Ano EF,GERAL,MATEMÁTICA,247.8
Rede Estadual,SALTO GRANDE,9º Ano EF,MANHÃ,MATEMÁTICA,245.9
Rede Estadual,SALTO GRANDE,9º Ano EF,TARDE,MATEMÁTICA,236.4
Rede Estadual,SALTO GRANDE,9º Ano EF,GERAL,MATEMÁTICA,239.2
Rede Estadual,SALTO DE PIRAPORA,9º Ano EF,MANHÃ,MATEMÁTICA,245.5
Rede Estadual,SALTO DE PIRAPORA,9º Ano EF,TARDE,MATEMÁTICA,253.7
Rede Estadual,SALTO DE PIRAPORA,9º Ano EF,GERAL,MATEMÁTICA,247.3
Rede Estadual,SANTA ADELIA,9º Ano EF,MANHÃ,MATEMÁTICA,263.7
Rede Estadual,SANTA ADELIA,9º Ano EF,GERAL,MATEMÁTICA,263.7
Rede Estadual,SANTA ALBERTINA,9º Ano EF,MANHÃ,MATEMÁTICA,254.3
Rede Estadual,SANTA ALBERTINA,9º Ano EF,GERAL,MATEMÁTICA,254.3
Rede Estadual,SANTA BARBARA D'OESTE,9º Ano EF,MANHÃ,MATEMÁTICA,259.3
Rede Estadual,SANTA BARBARA D'OESTE,9º Ano EF,TARDE,MATEMÁTICA,252.9
Rede Estadual,SANTA BARBARA D'OESTE,9º Ano EF,GERAL,MATEMÁTICA,258.7
Rede Estadual,AGUAS DE SANTA BARBARA,9º Ano EF,MANHÃ,MATEMÁTICA,268.7
Rede Estadual,AGUAS DE SANTA BARBARA,9º Ano EF,GERAL,MATEMÁTICA,268.7
Rede Estadual,SANTA CLARA D'OESTE,9º Ano EF,MANHÃ,MATEMÁTICA,266.6
Rede Estadual,SANTA CLARA D'OESTE,9º Ano EF,GERAL,MATEMÁTICA,266.6
Rede Estadual,SANTA CRUZ DA CONCEICAO,9º Ano EF,MANHÃ,MATEMÁTICA,257.1
Rede Estadual,SANTA CRUZ DA CONCEICAO,9º Ano EF,GERAL,MATEMÁTICA,257.1
Rede Estadual,SANTA CRUZ DAS PALMEIRAS,9º Ano EF,MANHÃ,MATEMÁTICA,250.4
Rede Estadual,SANTA CRUZ DAS PALMEIRAS,9º Ano EF,GERAL,MATEMÁTICA,250.4
Rede Estadual,SANTA CRUZ DO RIO PARDO,9º Ano EF,MANHÃ,MATEMÁTICA,250.2
Rede Estadual,SANTA CRUZ DO RIO PARDO,9º Ano EF,TARDE,MATEMÁTICA,247.8
Rede Estadual,SANTA CRUZ DO RIO PARDO,9º Ano EF,GERAL,MATEMÁTICA,250.1
Rede Estadual,SANTA ERNESTINA,9º Ano EF,MANHÃ,MATEMÁTICA,238.0
Rede Estadual,SANTA ERNESTINA,9º Ano EF,GERAL,MATEMÁTICA,238.0
Rede Estadual,SANTA ISABEL,9º Ano EF,MANHÃ,MATEMÁTICA,247.1
Rede Estadual,SANTA ISABEL,9º Ano EF,TARDE,MATEMÁTICA,241.5
Rede Estadual,SANTA ISABEL,9º Ano EF,GERAL,MATEMÁTICA,245.5
Rede Estadual,SANTA LUCIA,9º Ano EF,MANHÃ,MATEMÁTICA,231.4
Rede Estadual,SANTA LUCIA,9º Ano EF,GERAL,MATEMÁTICA,231.4
Rede Estadual,SANTA MARIA DA SERRA,9º Ano EF,MANHÃ,MATEMÁTICA,247.3
Rede Estadual,SANTA MARIA DA SERRA,9º Ano EF,GERAL,MATEMÁTICA,247.3
Rede Estadual,SANTA MERCEDES,9º Ano EF,MANHÃ,MATEMÁTICA,246.8
Rede Estadual,SANTA MERCEDES,9º Ano EF,GERAL,MATEMÁTICA,246.8
Rede Estadual,SANTA RITA D'OESTE,9º Ano EF,MANHÃ,MATEMÁTICA,277.7
Rede Estadual,SANTA RITA D'OESTE,9º Ano EF,GERAL,MATEMÁTICA,277.7
Rede Estadual,SANTA RITA DO PASSA QUATRO,9º Ano EF,MANHÃ,MATEMÁTICA,236.6
Rede Estadual,SANTA RITA DO PASSA QUATRO,9º Ano EF,TARDE,MATEMÁTICA,244.3
Rede Estadual,SANTA RITA DO PASSA QUATRO,9º Ano EF,GERAL,MATEMÁTICA,239.9
Rede Estadual,SANTA ROSA DE VITERBO,9º Ano EF,MANHÃ,MATEMÁTICA,237.4
Rede Estadual,SANTA ROSA DE VITERBO,9º Ano EF,TARDE,MATEMÁTICA,221.8
Rede Estadual,SANTA ROSA DE VITERBO,9º Ano EF,GERAL,MATEMÁTICA,235.5
Rede Estadual,SANTANA DA PONTE PENSA,9º Ano EF,MANHÃ,MATEMÁTICA,313.8
Rede Estadual,SANTANA DA PONTE PENSA,9º Ano EF,GERAL,MATEMÁTICA,313.8
Rede Estadual,SANTO ANASTACIO,9º Ano EF,MANHÃ,MATEMÁTICA,248.5
Rede Estadual,SANTO ANASTACIO,9º Ano EF,TARDE,MATEMÁTICA,248.4
Rede Estadual,SANTO ANASTACIO,9º Ano EF,GERAL,MATEMÁTICA,248.5
Rede Estadual,SANTO ANDRE,9º Ano EF,MANHÃ,MATEMÁTICA,245.8
Rede Estadual,SANTO ANDRE,9º Ano EF,TARDE,MATEMÁTICA,249.1
Rede Estadual,SANTO ANDRE,9º Ano EF,GERAL,MATEMÁTICA,246.4
Rede Estadual,SANTO ANTONIO DO JARDIM,9º Ano EF,MANHÃ,MATEMÁTICA,238.0
Rede Estadual,SANTO ANTONIO DO JARDIM,9º Ano EF,GERAL,MATEMÁTICA,238.0
Rede Estadual,SANTO EXPEDITO,9º Ano EF,MANHÃ,MATEMÁTICA,234.2
Rede Estadual,SANTO EXPEDITO,9º Ano EF,GERAL,MATEMÁTICA,234.2
Rede Estadual,SANTOPOLIS DO AGUAPEI,9º Ano EF,MANHÃ,MATEMÁTICA,248.4
Rede Estadual,SANTOPOLIS DO AGUAPEI,9º Ano EF,GERAL,MATEMÁTICA,248.4
Rede Estadual,SANTOS,9º Ano EF,MANHÃ,MATEMÁTICA,248.5
Rede Estadual,SANTOS,9º Ano EF,TARDE,MATEMÁTICA,246.7
Rede Estadual,SANTOS,9º Ano EF,GERAL,MATEMÁTICA,248.1
Rede Estadual,SAO BENTO DO SAPUCAI,9º Ano EF,MANHÃ,MATEMÁTICA,259.8
Rede Estadual,SAO BENTO DO SAPUCAI,9º Ano EF,GERAL,MATEMÁTICA,259.8
Rede Estadual,SAO BERNARDO DO CAMPO,9º Ano EF,MANHÃ,MATEMÁTICA,250.3
Rede Estadual,SAO BERNARDO DO CAMPO,9º Ano EF,TARDE,MATEMÁTICA,248.5
Rede Estadual,SAO BERNARDO DO CAMPO,9º Ano EF,GERAL,MATEMÁTICA,250.0
Rede Estadual,SAO CAETANO DO SUL,9º Ano EF,MANHÃ,MATEMÁTICA,271.6
Rede Estadual,SAO CAETANO DO SUL,9º Ano EF,TARDE,MATEMÁTICA,249.4
Rede Estadual,SAO CAETANO DO SUL,9º Ano EF,GERAL,MATEMÁTICA,262.1
Rede Estadual,SAO CARLOS,9º Ano EF,MANHÃ,MATEMÁTICA,258.3
Rede Estadual,SAO CARLOS,9º Ano EF,TARDE,MATEMÁTICA,246.8
Rede Estadual,SAO CARLOS,9º Ano EF,GERAL,MATEMÁTICA,255.5
Rede Estadual,SAO FRANCISCO,9º Ano EF,MANHÃ,MATEMÁTICA,264.5
Rede Estadual,SAO FRANCISCO,9º Ano EF,GERAL,MATEMÁTICA,264.5
Rede Estadual,SAO JOAO DA BOA VISTA,9º Ano EF,MANHÃ,MATEMÁTICA,257.5
Rede Estadual,SAO JOAO DA BOA VISTA,9º Ano EF,TARDE,MATEMÁTICA,251.7
Rede Estadual,SAO JOAO DA BOA VISTA,9º Ano EF,GERAL,MATEMÁTICA,256.7
Rede Estadual,SAO JOAO DAS DUAS PONTES,9º Ano EF,MANHÃ,MATEMÁTICA,263.9
Rede Estadual,SAO JOAO DAS DUAS PONTES,9º Ano EF,GERAL,MATEMÁTICA,263.9
Rede Estadual,SAO JOAO DO PAU D'ALHO,9º Ano EF,MANHÃ,MATEMÁTICA,252.9
Rede Estadual,SAO JOAO DO PAU D'ALHO,9º Ano EF,GERAL,MATEMÁTICA,252.9
Rede Estadual,SAO JOAQUIM DA BARRA,9º Ano EF,MANHÃ,MATEMÁTICA,251.8
Rede Estadual,SAO JOAQUIM DA BARRA,9º Ano EF,GERAL,MATEMÁTICA,251.8
Rede Estadual,SAO JOSE DA BELA VISTA,9º Ano EF,MANHÃ,MATEMÁTICA,245.4
Rede Estadual,SAO JOSE DA BELA VISTA,9º Ano EF,TARDE,MATEMÁTICA,220.5
Rede Estadual,SAO JOSE DA BELA VISTA,9º Ano EF,GERAL,MATEMÁTICA,236.7
Rede Estadual,SAO JOSE DOS CAMPOS,9º Ano EF,MANHÃ,MATEMÁTICA,252.3
Rede Estadual,SAO JOSE DOS CAMPOS,9º Ano EF,TARDE,MATEMÁTICA,250.4
Rede Estadual,SAO JOSE DOS CAMPOS,9º Ano EF,GERAL,MATEMÁTICA,251.8
Rede Estadual,SAO JOSE DO RIO PARDO,9º Ano EF,MANHÃ,MATEMÁTICA,258.8
Rede Estadual,SAO JOSE DO RIO PARDO,9º Ano EF,TARDE,MATEMÁTICA,245.3
Rede Estadual,SAO JOSE DO RIO PARDO,9º Ano EF,GERAL,MATEMÁTICA,255.4
Rede Estadual,SAO JOSE DO RIO PRETO,9º Ano EF,MANHÃ,MATEMÁTICA,251.7
Rede Estadual,SAO JOSE DO RIO PRETO,9º Ano EF,GERAL,MATEMÁTICA,251.7
Rede Estadual,SAO MANUEL,9º Ano EF,MANHÃ,MATEMÁTICA,238.4
Rede Estadual,SAO MANUEL,9º Ano EF,GERAL,MATEMÁTICA,238.4
Rede Estadual,SAO MIGUEL ARCANJO,9º Ano EF,MANHÃ,MATEMÁTICA,260.9
Rede Estadual,SAO MIGUEL ARCANJO,9º Ano EF,TARDE,MATEMÁTICA,271.5
Rede Estadual,SAO MIGUEL ARCANJO,9º Ano EF,GERAL,MATEMÁTICA,261.4
Rede Estadual,SAO PEDRO,9º Ano EF,MANHÃ,MATEMÁTICA,254.8
Rede Estadual,SAO PEDRO,9º Ano EF,GERAL,MATEMÁTICA,254.8
Rede Estadual,SAO PEDRO DO TURVO,9º Ano EF,MANHÃ,MATEMÁTICA,244.9
Rede Estadual,SAO PEDRO DO TURVO,9º Ano EF,TARDE,MATEMÁTICA,257.9
Rede Estadual,SAO PEDRO DO TURVO,9º Ano EF,GERAL,MATEMÁTICA,253.3
Rede Estadual,SAO SEBASTIAO DA GRAMA,9º Ano EF,MANHÃ,MATEMÁTICA,248.3
Rede Estadual,SAO SEBASTIAO DA GRAMA,9º Ano EF,TARDE,MATEMÁTICA,242.6
Rede Estadual,SAO SEBASTIAO DA GRAMA,9º Ano EF,GERAL,MATEMÁTICA,247.0
Rede Estadual,SAO SIMAO,9º Ano EF,MANHÃ,MATEMÁTICA,245.3
Rede Estadual,SAO SIMAO,9º Ano EF,GERAL,MATEMÁTICA,245.3
Rede Estadual,SAO VICENTE,9º Ano EF,MANHÃ,MATEMÁTICA,241.9
Rede Estadual,SAO VICENTE,9º Ano EF,TARDE,MATEMÁTICA,232.6
Rede Estadual,SAO VICENTE,9º Ano EF,GERAL,MATEMÁTICA,239.3
Rede Estadual,SARAPUI,9º Ano EF,MANHÃ,MATEMÁTICA,255.4
Rede Estadual,SARAPUI,9º Ano EF,GERAL,MATEMÁTICA,255.4
Rede Estadual,SARUTAIA,9º Ano EF,MANHÃ,MATEMÁTICA,243.4
Rede Estadual,SARUTAIA,9º Ano EF,GERAL,MATEMÁTICA,243.4
Rede Estadual,SEBASTIANOPOLIS DO SUL,9º Ano EF,MANHÃ,MATEMÁTICA,277.0
Rede Estadual,SEBASTIANOPOLIS DO SUL,9º Ano EF,GERAL,MATEMÁTICA,277.0
Rede Estadual,SERRA AZUL,9º Ano EF,MANHÃ,MATEMÁTICA,238.5
Rede Estadual,SERRA AZUL,9º Ano EF,GERAL,MATEMÁTICA,238.5
Rede Estadual,SERRA NEGRA,9º Ano EF,MANHÃ,MATEMÁTICA,259.1
Rede Estadual,SERRA NEGRA,9º Ano EF,GERAL,MATEMÁTICA,259.1
Rede Estadual,SERRANA,9º Ano EF,MANHÃ,MATEMÁTICA,240.6
Rede Estadual,SERRANA,9º Ano EF,TARDE,MATEMÁTICA,233.3
Rede Estadual,SERRANA,9º Ano EF,GERAL,MATEMÁTICA,237.8
Rede Estadual,SERTAOZINHO,9º Ano EF,MANHÃ,MATEMÁTICA,250.6
Rede Estadual,SERTAOZINHO,9º Ano EF,TARDE,MATEMÁTICA,252.1
Rede Estadual,SERTAOZINHO,9º Ano EF,GERAL,MATEMÁTICA,250.9
Rede Estadual,SETE BARRAS,9º Ano EF,MANHÃ,MATEMÁTICA,240.4
Rede Estadual,SETE BARRAS,9º Ano EF,TARDE,MATEMÁTICA,237.0
Rede Estadual,SETE BARRAS,9º Ano EF,GERAL,MATEMÁTICA,238.7
Rede Estadual,SILVEIRAS,9º Ano EF,MANHÃ,MATEMÁTICA,248.9
Rede Estadual,SILVEIRAS,9º Ano EF,GERAL,MATEMÁTICA,248.9
Rede Estadual,SOCORRO,9º Ano EF,MANHÃ,MATEMÁTICA,246.5
Rede Estadual,SOCORRO,9º Ano EF,GERAL,MATEMÁTICA,246.5
Rede Estadual,SOROCABA,9º Ano EF,MANHÃ,MATEMÁTICA,252.9
Rede Estadual,SOROCABA,9º Ano EF,TARDE,MATEMÁTICA,249.4
Rede Estadual,SOROCABA,9º Ano EF,GERAL,MATEMÁTICA,252.7
Rede Estadual,SUMARE,9º Ano EF,MANHÃ,MATEMÁTICA,246.2
Rede Estadual,SUMARE,9º Ano EF,TARDE,MATEMÁTICA,240.6
Rede Estadual,SUMARE,9º Ano EF,GERAL,MATEMÁTICA,245.3
Rede Estadual,SUZANO,9º Ano EF,MANHÃ,MATEMÁTICA,242.3
Rede Estadual,SUZANO,9º Ano EF,TARDE,MATEMÁTICA,245.0
Rede Estadual,SUZANO,9º Ano EF,GERAL,MATEMÁTICA,242.8
Rede Estadual,TABAPUA,9º Ano EF,MANHÃ,MATEMÁTICA,252.3
Rede Estadual,TABAPUA,9º Ano EF,GERAL,MATEMÁTICA,252.3
Rede Estadual,TABATINGA,9º Ano EF,MANHÃ,MATEMÁTICA,231.6
Rede Estadual,TABATINGA,9º Ano EF,TARDE,MATEMÁTICA,252.3
Rede Estadual,TABATINGA,9º Ano EF,GERAL,MATEMÁTICA,247.3
Rede Estadual,TABOAO DA SERRA,9º Ano EF,MANHÃ,MATEMÁTICA,243.8
Rede Estadual,TABOAO DA SERRA,9º Ano EF,TARDE,MATEMÁTICA,237.3
Rede Estadual,TABOAO DA SERRA,9º Ano EF,GERAL,MATEMÁTICA,241.8
Rede Estadual,TACIBA,9º Ano EF,MANHÃ,MATEMÁTICA,246.7
Rede Estadual,TACIBA,9º Ano EF,TARDE,MATEMÁTICA,248.9
Rede Estadual,TACIBA,9º Ano EF,GERAL,MATEMÁTICA,247.9
Rede Estadual,TAGUAI,9º Ano EF,MANHÃ,MATEMÁTICA,271.1
Rede Estadual,TAGUAI,9º Ano EF,TARDE,MATEMÁTICA,239.5
Rede Estadual,TAGUAI,9º Ano EF,GERAL,MATEMÁTICA,265.6
Rede Estadual,TAIACU,9º Ano EF,MANHÃ,MATEMÁTICA,251.3
Rede Estadual,TAIACU,9º Ano EF,GERAL,MATEMÁTICA,251.3
Rede Estadual,TAIUVA,9º Ano EF,MANHÃ,MATEMÁTICA,255.4
Rede Estadual,TAIUVA,9º Ano EF,GERAL,MATEMÁTICA,255.4
Rede Estadual,TAMBAU,9º Ano EF,MANHÃ,MATEMÁTICA,244.5
Rede Estadual,TAMBAU,9º Ano EF,TARDE,MATEMÁTICA,221.4
Rede Estadual,TAMBAU,9º Ano EF,GERAL,MATEMÁTICA,234.6
Rede Estadual,TANABI,9º Ano EF,MANHÃ,MATEMÁTICA,261.6
Rede Estadual,TANABI,9º Ano EF,GERAL,MATEMÁTICA,261.6
Rede Estadual,TAPIRAI,9º Ano EF,MANHÃ,MATEMÁTICA,241.0
Rede Estadual,TAPIRAI,9º Ano EF,GERAL,MATEMÁTICA,241.0
Rede Estadual,TAPIRATIBA,9º Ano EF,TARDE,MATEMÁTICA,233.8
Rede Estadual,TAPIRATIBA,9º Ano EF,GERAL,MATEMÁTICA,233.8
Rede Estadual,TAQUARITINGA,9º Ano EF,MANHÃ,MATEMÁTICA,253.4
Rede Estadual,TAQUARITINGA,9º Ano EF,TARDE,MATEMÁTICA,219.2
Rede Estadual,TAQUARITINGA,9º Ano EF,GERAL,MATEMÁTICA,243.7
Rede Estadual,TAQUARITUBA,9º Ano EF,MANHÃ,MATEMÁTICA,256.2
Rede Estadual,TAQUARITUBA,9º Ano EF,GERAL,MATEMÁTICA,256.2
Rede Estadual,TATUI,9º Ano EF,MANHÃ,MATEMÁTICA,245.8
Rede Estadual,TATUI,9º Ano EF,GERAL,MATEMÁTICA,245.8
Rede Estadual,TAUBATE,9º Ano EF,MANHÃ,MATEMÁTICA,273.0
Rede Estadual,TAUBATE,9º Ano EF,GERAL,MATEMÁTICA,273.0
Rede Estadual,TEJUPA,9º Ano EF,MANHÃ,MATEMÁTICA,239.2
Rede Estadual,TEJUPA,9º Ano EF,TARDE,MATEMÁTICA,235.2
Rede Estadual,TEJUPA,9º Ano EF,GERAL,MATEMÁTICA,237.8
Rede Estadual,TEODORO SAMPAIO,9º Ano EF,MANHÃ,MATEMÁTICA,265.0
Rede Estadual,TEODORO SAMPAIO,9º Ano EF,TARDE,MATEMÁTICA,269.7
Rede Estadual,TEODORO SAMPAIO,9º Ano EF,GERAL,MATEMÁTICA,266.0
Rede Estadual,TIMBURI,9º Ano EF,MANHÃ,MATEMÁTICA,248.6
Rede Estadual,TIMBURI,9º Ano EF,GERAL,MATEMÁTICA,248.6
Rede Estadual,TORRINHA,9º Ano EF,MANHÃ,MATEMÁTICA,244.1
Rede Estadual,TORRINHA,9º Ano EF,GERAL,MATEMÁTICA,244.1
Rede Estadual,TRES FRONTEIRAS,9º Ano EF,MANHÃ,MATEMÁTICA,255.4
Rede Estadual,TRES FRONTEIRAS,9º Ano EF,GERAL,MATEMÁTICA,255.4
Rede Estadual,TUPA,9º Ano EF,MANHÃ,MATEMÁTICA,250.8
Rede Estadual,TUPA,9º Ano EF,GERAL,MATEMÁTICA,250.8
Rede Estadual,TURIUBA,9º Ano EF,MANHÃ,MATEMÁTICA,237.1
Rede Estadual,TURIUBA,9º Ano EF,GERAL,MATEMÁTICA,237.1
Rede Estadual,TURMALINA,9º Ano EF,MANHÃ,MATEMÁTICA,280.3
Rede Estadual,TURMALINA,9º Ano EF,GERAL,MATEMÁTICA,280.3
Rede Estadual,UBATUBA,9º Ano EF,MANHÃ,MATEMÁTICA,236.6
Rede Estadual,UBATUBA,9º Ano EF,TARDE,MATEMÁTICA,233.3
Rede Estadual,UBATUBA,9º Ano EF,GERAL,MATEMÁTICA,236.3
Rede Estadual,UBIRAJARA,9º Ano EF,MANHÃ,MATEMÁTICA,250.3
Rede Estadual,UBIRAJARA,9º Ano EF,GERAL,MATEMÁTICA,250.3
Rede Estadual,UNIAO PAULISTA,9º Ano EF,MANHÃ,MATEMÁTICA,233.0
Rede Estadual,UNIAO PAULISTA,9º Ano EF,GERAL,MATEMÁTICA,233.0
Rede Estadual,URANIA,9º Ano EF,MANHÃ,MATEMÁTICA,247.2
Rede Estadual,URANIA,9º Ano EF,GERAL,MATEMÁTICA,247.2
Rede Estadual,URU,9º Ano EF,MANHÃ,MATEMÁTICA,265.1
Rede Estadual,URU,9º Ano EF,GERAL,MATEMÁTICA,265.1
Rede Estadual,VALINHOS,9º Ano EF,MANHÃ,MATEMÁTICA,242.6
Rede Estadual,VALINHOS,9º Ano EF,TARDE,MATEMÁTICA,230.6
Rede Estadual,VALINHOS,9º Ano EF,GERAL,MATEMÁTICA,241.0
Rede Estadual,VALENTIM GENTIL,9º Ano EF,MANHÃ,MATEMÁTICA,243.3
Rede Estadual,VALENTIM GENTIL,9º Ano EF,GERAL,MATEMÁTICA,243.3
Rede Estadual,VALPARAISO,9º Ano EF,MANHÃ,MATEMÁTICA,247.9
Rede Estadual,VALPARAISO,9º Ano EF,TARDE,MATEMÁTICA,225.7
Rede Estadual,VALPARAISO,9º Ano EF,GERAL,MATEMÁTICA,243.2
Rede Estadual,VARGEM GRANDE DO SUL,9º Ano EF,MANHÃ,MATEMÁTICA,249.1
Rede Estadual,VARGEM GRANDE DO SUL,9º Ano EF,TARDE,MATEMÁTICA,246.3
Rede Estadual,VARGEM GRANDE DO SUL,9º Ano EF,GERAL,MATEMÁTICA,248.9
Rede Estadual,VARZEA PAULISTA,9º Ano EF,MANHÃ,MATEMÁTICA,248.2
Rede Estadual,VARZEA PAULISTA,9º Ano EF,TARDE,MATEMÁTICA,237.4
Rede Estadual,VARZEA PAULISTA,9º Ano EF,GERAL,MATEMÁTICA,247.4
Rede Estadual,VERA CRUZ,9º Ano EF,MANHÃ,MATEMÁTICA,258.2
Rede Estadual,VERA CRUZ,9º Ano EF,GERAL,MATEMÁTICA,258.2
Rede Estadual,VIRADOURO,9º Ano EF,TARDE,MATEMÁTICA,228.1
Rede Estadual,VIRADOURO,9º Ano EF,GERAL,MATEMÁTICA,228.1
Rede Estadual,VISTA ALEGRE DO ALTO,9º Ano EF,MANHÃ,MATEMÁTICA,256.8
Rede Estadual,VISTA ALEGRE DO ALTO,9º Ano EF,TARDE,MATEMÁTICA,268.0
Rede Estadual,VISTA ALEGRE DO ALTO,9º Ano EF,GERAL,MATEMÁTICA,259.6
Rede Estadual,VOTORANTIM,9º Ano EF,MANHÃ,MATEMÁTICA,257.0
Rede Estadual,VOTORANTIM,9º Ano EF,GERAL,MATEMÁTICA,257.0
Rede Estadual,VOTUPORANGA,9º Ano EF,MANHÃ,MATEMÁTICA,260.5
Rede Estadual,VOTUPORANGA,9º Ano EF,TARDE,MATEMÁTICA,249.3
Rede Estadual,VOTUPORANGA,9º Ano EF,GERAL,MATEMÁTICA,259.2
Rede Estadual,CHAVANTES,9º Ano EF,MANHÃ,MATEMÁTICA,233.3
Rede Estadual,CHAVANTES,9º Ano EF,GERAL,MATEMÁTICA,233.3
Rede Estadual,VARGEM GRANDE PAULISTA,9º Ano EF,MANHÃ,MATEMÁTICA,250.0
Rede Estadual,VARGEM GRANDE PAULISTA,9º Ano EF,GERAL,MATEMÁTICA,250.0
Rede Estadual,DIRCE REIS,9º Ano EF,MANHÃ,MATEMÁTICA,268.6
Rede Estadual,DIRCE REIS,9º Ano EF,GERAL,MATEMÁTICA,268.6
Rede Estadual,EMBAUBA,9º Ano EF,MANHÃ,MATEMÁTICA,276.5
Rede Estadual,EMBAUBA,9º Ano EF,GERAL,MATEMÁTICA,276.5
Rede Estadual,ESPIRITO SANTO DO TURVO,9º Ano EF,MANHÃ,MATEMÁTICA,264.3
Rede Estadual,ESPIRITO SANTO DO TURVO,9º Ano EF,GERAL,MATEMÁTICA,264.3
Rede Estadual,EUCLIDES DA CUNHA PAULISTA,9º Ano EF,MANHÃ,MATEMÁTICA,268.4
Rede Estadual,EUCLIDES DA CUNHA PAULISTA,9º Ano EF,TARDE,MATEMÁTICA,285.4
Rede Estadual,EUCLIDES DA CUNHA PAULISTA,9º Ano EF,GERAL,MATEMÁTICA,271.6
Rede Estadual,ROSANA,9º Ano EF,MANHÃ,MATEMÁTICA,250.1
Rede Estadual,ROSANA,9º Ano EF,GERAL,MATEMÁTICA,250.1
Rede Estadual,TARUMA,9º Ano EF,MANHÃ,MATEMÁTICA,244.2
Rede Estadual,TARUMA,9º Ano EF,GERAL,MATEMÁTICA,244.2
Rede Estadual,ALAMBARI,9º Ano EF,MANHÃ,MATEMÁTICA,243.5
Rede Estadual,ALAMBARI,9º Ano EF,GERAL,MATEMÁTICA,243.5
Rede Estadual,ASPASIA,9º Ano EF,MANHÃ,MATEMÁTICA,280.4
Rede Estadual,ASPASIA,9º Ano EF,GERAL,MATEMÁTICA,280.4
Rede Estadual,BARRA DO CHAPEU,9º Ano EF,MANHÃ,MATEMÁTICA,247.3
Rede Estadual,BARRA DO CHAPEU,9º Ano EF,GERAL,MATEMÁTICA,247.3
Rede Estadual,BERTIOGA,9º Ano EF,MANHÃ,MATEMÁTICA,238.7
Rede Estadual,BERTIOGA,9º Ano EF,TARDE,MATEMÁTICA,236.6
Rede Estadual,BERTIOGA,9º Ano EF,GERAL,MATEMÁTICA,238.4
Rede Estadual,BOM SUCESSO DE ITARARE,9º Ano EF,MANHÃ,MATEMÁTICA,244.0
Rede Estadual,BOM SUCESSO DE ITARARE,9º Ano EF,GERAL,MATEMÁTICA,244.0
Rede Estadual,CAJATI,9º Ano EF,MANHÃ,MATEMÁTICA,250.3
Rede Estadual,CAJATI,9º Ano EF,TARDE,MATEMÁTICA,243.7
Rede Estadual,CAJATI,9º Ano EF,GERAL,MATEMÁTICA,249.6
Rede Estadual,ENGENHEIRO COELHO,9º Ano EF,MANHÃ,MATEMÁTICA,242.0
Rede Estadual,ENGENHEIRO COELHO,9º Ano EF,GERAL,MATEMÁTICA,242.0
Rede Estadual,HORTOLANDIA,9º Ano EF,MANHÃ,MATEMÁTICA,247.4
Rede Estadual,HORTOLANDIA,9º Ano EF,TARDE,MATEMÁTICA,247.7
Rede Estadual,HORTOLANDIA,9º Ano EF,GERAL,MATEMÁTICA,247.4
Rede Estadual,ILHA SOLTEIRA,9º Ano EF,MANHÃ,MATEMÁTICA,263.0
Rede Estadual,ILHA SOLTEIRA,9º Ano EF,GERAL,MATEMÁTICA,263.0
Rede Estadual,ITAOCA,9º Ano EF,MANHÃ,MATEMÁTICA,258.1
Rede Estadual,ITAOCA,9º Ano EF,GERAL,MATEMÁTICA,258.1
Rede Estadual,ITAPIRAPUA PAULISTA,9º Ano EF,MANHÃ,MATEMÁTICA,271.9
Rede Estadual,ITAPIRAPUA PAULISTA,9º Ano EF,TARDE,MATEMÁTICA,263.4
Rede Estadual,ITAPIRAPUA PAULISTA,9º Ano EF,GERAL,MATEMÁTICA,269.4
Rede Estadual,LOURDES,9º Ano EF,MANHÃ,MATEMÁTICA,271.2
Rede Estadual,LOURDES,9º Ano EF,GERAL,MATEMÁTICA,271.2
Rede Estadual,MARAPOAMA,9º Ano EF,MANHÃ,MATEMÁTICA,275.7
Rede Estadual,MARAPOAMA,9º Ano EF,GERAL,MATEMÁTICA,275.7
Rede Estadual,MESOPOLIS,9º Ano EF,MANHÃ,MATEMÁTICA,265.2
Rede Estadual,MESOPOLIS,9º Ano EF,GERAL,MATEMÁTICA,265.2
Rede Estadual,NOVA CAMPINA,9º Ano EF,MANHÃ,MATEMÁTICA,249.7
Rede Estadual,NOVA CAMPINA,9º Ano EF,GERAL,MATEMÁTICA,249.7
Rede Estadual,NOVA CANAA PAULISTA,9º Ano EF,MANHÃ,MATEMÁTICA,265.9
Rede Estadual,NOVA CANAA PAULISTA,9º Ano EF,GERAL,MATEMÁTICA,265.9
Rede Estadual,PARISI,9º Ano EF,MANHÃ,MATEMÁTICA,245.6
Rede Estadual,PARISI,9º Ano EF,GERAL,MATEMÁTICA,245.6
Rede Estadual,PEDRINHAS PAULISTA,9º Ano EF,MANHÃ,MATEMÁTICA,249.8
Rede Estadual,PEDRINHAS PAULISTA,9º Ano EF,GERAL,MATEMÁTICA,249.8
Rede Estadual,PONTALINDA,9º Ano EF,MANHÃ,MATEMÁTICA,263.5
Rede Estadual,PONTALINDA,9º Ano EF,GERAL,MATEMÁTICA,263.5
Rede Estadual,RIBEIRAO GRANDE,9º Ano EF,MANHÃ,MATEMÁTICA,262.5
Rede Estadual,RIBEIRAO GRANDE,9º Ano EF,TARDE,MATEMÁTICA,249.2
Rede Estadual,RIBEIRAO GRANDE,9º Ano EF,GERAL,MATEMÁTICA,259.3
Rede Estadual,SALTINHO,9º Ano EF,MANHÃ,MATEMÁTICA,280.8
Rede Estadual,SALTINHO,9º Ano EF,GERAL,MATEMÁTICA,280.8
Rede Estadual,SAO JOAO DE IRACEMA,9º Ano EF,MANHÃ,MATEMÁTICA,256.5
Rede Estadual,SAO JOAO DE IRACEMA,9º Ano EF,GERAL,MATEMÁTICA,256.5
Rede Estadual,SAO LOURENCO DA SERRA,9º Ano EF,MANHÃ,MATEMÁTICA,252.8
Rede Estadual,SAO LOURENCO DA SERRA,9º Ano EF,GERAL,MATEMÁTICA,252.8
Rede Estadual,SUZANAPOLIS,9º Ano EF,MANHÃ,MATEMÁTICA,246.4
Rede Estadual,SUZANAPOLIS,9º Ano EF,GERAL,MATEMÁTICA,246.4
Rede Estadual,TORRE DE PEDRA,9º Ano EF,TARDE,MATEMÁTICA,254.8
Rede Estadual,TORRE DE PEDRA,9º Ano EF,GERAL,MATEMÁTICA,254.8
Rede Estadual,ZACARIAS,9º Ano EF,MANHÃ,MATEMÁTICA,248.1
Rede Estadual,ZACARIAS,9º Ano EF,GERAL,MATEMÁTICA,248.1
Rede Estadual,ARCO-IRIS,9º Ano EF,MANHÃ,MATEMÁTICA,266.2
Rede Estadual,ARCO-IRIS,9º Ano EF,GERAL,MATEMÁTICA,266.2
Rede Estadual,BREJO ALEGRE,9º Ano EF,MANHÃ,MATEMÁTICA,239.2
Rede Estadual,BREJO ALEGRE,9º Ano EF,GERAL,MATEMÁTICA,239.2
Rede Estadual,PRACINHA,9º Ano EF,MANHÃ,MATEMÁTICA,250.9
Rede Estadual,PRACINHA,9º Ano EF,GERAL,MATEMÁTICA,250.9
Rede Estadual,PRATANIA,9º Ano EF,MANHÃ,MATEMÁTICA,241.0
Rede Estadual,PRATANIA,9º Ano EF,GERAL,MATEMÁTICA,241.0
Rede Estadual,SANTA SALETE,9º Ano EF,MANHÃ,MATEMÁTICA,289.4
Rede Estadual,SANTA SALETE,9º Ano EF,GERAL,MATEMÁTICA,289.4
Rede Estadual,VITORIA BRASIL,9º Ano EF,TARDE,MATEMÁTICA,259.1
Rede Estadual,VITORIA BRASIL,9º Ano EF,GERAL,MATEMÁTICA,259.1
Rede Estadual,IPIGUA,9º Ano EF,MANHÃ,MATEMÁTICA,247.9
Rede Estadual,IPIGUA,9º Ano EF,GERAL,MATEMÁTICA,247.9
Rede Estadual,TAQUARAL,9º Ano EF,TARDE,MATEMÁTICA,269.1
Rede Estadual,TAQUARAL,9º Ano EF,GERAL,MATEMÁTICA,269.1
Rede Estadual,FERNAO,9º Ano EF,MANHÃ,MATEMÁTICA,245.5
Rede Estadual,FERNAO,9º Ano EF,GERAL,MATEMÁTICA,245.5
Rede Estadual,NANTES,9º Ano EF,MANHÃ,MATEMÁTICA,252.3
Rede Estadual,NANTES,9º Ano EF,GERAL,MATEMÁTICA,252.3
Rede Estadual,NOVA CASTILHO,9º Ano EF,MANHÃ,MATEMÁTICA,260.7
Rede Estadual,NOVA CASTILHO,9º Ano EF,GERAL,MATEMÁTICA,260.7
Rede Estadual,OUROESTE,9º Ano EF,MANHÃ,MATEMÁTICA,266.5
Rede Estadual,OUROESTE,9º Ano EF,GERAL,MATEMÁTICA,266.5
Rede Estadual,PAULISTANIA,9º Ano EF,MANHÃ,MATEMÁTICA,251.7
Rede Estadual,PAULISTANIA,9º Ano EF,GERAL,MATEMÁTICA,251.7
Rede Estadual,RIBEIRAO DOS INDIOS,9º Ano EF,MANHÃ,MATEMÁTICA,255.2
Rede Estadual,RIBEIRAO DOS INDIOS,9º Ano EF,GERAL,MATEMÁTICA,255.2
Rede Municipal,AGUAS DE LINDOIA,9º Ano EF,MANHÃ,MATEMÁTICA,268.1
Rede Municipal,AGUAS DE LINDOIA,9º Ano EF,TARDE,MATEMÁTICA,260.1
Rede Municipal,AGUAS DE LINDOIA,9º Ano EF,GERAL,MATEMÁTICA,265.0
Rede Municipal,AMERICO DE CAMPOS,9º Ano EF,MANHÃ,MATEMÁTICA,287.3
Rede Municipal,AMERICO DE CAMPOS,9º Ano EF,TARDE,MATEMÁTICA,298.6
Rede Municipal,AMERICO DE CAMPOS,9º Ano EF,GERAL,MATEMÁTICA,291.1
Rede Municipal,ANALANDIA,9º Ano EF,MANHÃ,MATEMÁTICA,246.4
Rede Municipal,ANALANDIA,9º Ano EF,TARDE,MATEMÁTICA,212.1
Rede Municipal,ANALANDIA,9º Ano EF,GERAL,MATEMÁTICA,241.0
Rede Municipal,ANHEMBI,9º Ano EF,MANHÃ,MATEMÁTICA,0.0
Rede Municipal,ANHEMBI,9º Ano EF,TARDE,MATEMÁTICA,0.0
Rede Municipal,ANHEMBI,9º Ano EF,GERAL,MATEMÁTICA,0.0
Rede Municipal,APARECIDA,9º Ano EF,MANHÃ,MATEMÁTICA,0.0
Rede Municipal,APARECIDA,9º Ano EF,TARDE,MATEMÁTICA,0.0
Rede Municipal,APARECIDA,9º Ano EF,GERAL,MATEMÁTICA,0.0
Rede Municipal,BURI,9º Ano EF,MANHÃ,MATEMÁTICA,0.0
Rede Municipal,BURI,9º Ano EF,TARDE,MATEMÁTICA,0.0
Rede Municipal,BURI,9º Ano EF,GERAL,MATEMÁTICA,0.0
Rede Municipal,BURITIZAL,9º Ano EF,MANHÃ,MATEMÁTICA,252.3
Rede Municipal,BURITIZAL,9º Ano EF,GERAL,MATEMÁTICA,252.3
Rede Municipal,CAJOBI,9º Ano EF,MANHÃ,MATEMÁTICA,0.0
Rede Municipal,CAJOBI,9º Ano EF,GERAL,MATEMÁTICA,0.0
Rede Municipal,CASTILHO,9º Ano EF,MANHÃ,MATEMÁTICA,0.0
Rede Municipal,CASTILHO,9º Ano EF,GERAL,MATEMÁTICA,0.0
Rede Municipal,CATANDUVA,9º Ano EF,MANHÃ,MATEMÁTICA,239.3
Rede Municipal,CATANDUVA,9º Ano EF,TARDE,MATEMÁTICA,243.5
Rede Municipal,CATANDUVA,9º Ano EF,GERAL,MATEMÁTICA,240.3
Rede Municipal,COLOMBIA,9º Ano EF,MANHÃ,MATEMÁTICA,273.6
Rede Municipal,COLOMBIA,9º Ano EF,TARDE,MATEMÁTICA,287.8
Rede Municipal,COLOMBIA,9º Ano EF,GERAL,MATEMÁTICA,280.4
Rede Municipal,CONCHAL,9º Ano EF,MANHÃ,MATEMÁTICA,295.9
Rede Municipal,CONCHAL,9º Ano EF,GERAL,MATEMÁTICA,295.9
Rede Municipal,CONCHAS,9º Ano EF,MANHÃ,MATEMÁTICA,0.0
Rede Municipal,CONCHAS,9º Ano EF,TARDE,MATEMÁTICA,0.0
Rede Municipal,CONCHAS,9º Ano EF,GERAL,MATEMÁTICA,0.0
Rede Municipal,COSMORAMA,9º Ano EF,MANHÃ,MATEMÁTICA,0.0
Rede Municipal,COSMORAMA,9º Ano EF,TARDE,MATEMÁTICA,0.0
Rede Municipal,COSMORAMA,9º Ano EF,GERAL,MATEMÁTICA,0.0
Rede Municipal,CRAVINHOS,9º Ano EF,MANHÃ,MATEMÁTICA,0.0
Rede Municipal,CRAVINHOS,9º Ano EF,TARDE,MATEMÁTICA,0.0
Rede Municipal,CRAVINHOS,9º Ano EF,GERAL,MATEMÁTICA,0.0
Rede Municipal,EMBU-GUACU,9º Ano EF,MANHÃ,MATEMÁTICA,0.0
Rede Municipal,EMBU-GUACU,9º Ano EF,GERAL,MATEMÁTICA,0.0
Rede Municipal,FERNANDO PRESTES,9º Ano EF,MANHÃ,MATEMÁTICA,0.0
Rede Municipal,FERNANDO PRESTES,9º Ano EF,GERAL,MATEMÁTICA,0.0
Rede Municipal,FERNANDOPOLIS,9º Ano EF,MANHÃ,MATEMÁTICA,0.0
Rede Municipal,FERNANDOPOLIS,9º Ano EF,GERAL,MATEMÁTICA,0.0
Rede Municipal,FLORA RICA,9º Ano EF,MANHÃ,MATEMÁTICA,244.7
Rede Municipal,FLORA RICA,9º Ano EF,GERAL,MATEMÁTICA,244.7
Rede Municipal,GUAPIACU,9º Ano EF,MANHÃ,MATEMÁTICA,0.0
Rede Municipal,GUAPIACU,9º Ano EF,TARDE,MATEMÁTICA,0.0
Rede Municipal,GUAPIACU,9º Ano EF,NOITE,MATEMÁTICA,0.0
Rede Municipal,GUAPIACU,9º Ano EF,GERAL,MATEMÁTICA,0.0
Rede Municipal,GUAPIARA,9º Ano EF,MANHÃ,MATEMÁTICA,244.4
Rede Municipal,GUAPIARA,9º Ano EF,GERAL,MATEMÁTICA,244.4
Rede Municipal,ILHABELA,9º Ano EF,MANHÃ,MATEMÁTICA,247.0
Rede Municipal,ILHABELA,9º Ano EF,TARDE,MATEMÁTICA,244.1
Rede Municipal,ILHABELA,9º Ano EF,GERAL,MATEMÁTICA,244.8
Rede Municipal,IPERO,9º Ano EF,MANHÃ,MATEMÁTICA,0.0
Rede Municipal,IPERO,9º Ano EF,TARDE,MATEMÁTICA,0.0
Rede Municipal,IPERO,9º Ano EF,GERAL,MATEMÁTICA,0.0
Rede Municipal,IPORANGA,9º Ano EF,MANHÃ,MATEMÁTICA,238.0
Rede Municipal,IPORANGA,9º Ano EF,GERAL,MATEMÁTICA,238.0
Rede Municipal,ITAPOLIS,9º Ano EF,MANHÃ,MATEMÁTICA,293.1
Rede Municipal,ITAPOLIS,9º Ano EF,TARDE,MATEMÁTICA,301.5
Rede Municipal,ITAPOLIS,9º Ano EF,GERAL,MATEMÁTICA,297.0
Rede Municipal,JABORANDI,9º Ano EF,MANHÃ,MATEMÁTICA,253.2
Rede Municipal,JABORANDI,9º Ano EF,GERAL,MATEMÁTICA,253.2
Rede Municipal,JARDINOPOLIS,9º Ano EF,MANHÃ,MATEMÁTICA,240.1
Rede Municipal,JARDINOPOLIS,9º Ano EF,TARDE,MATEMÁTICA,239.9
Rede Municipal,JARDINOPOLIS,9º Ano EF,GERAL,MATEMÁTICA,240.0
Rede Municipal,JUQUITIBA,9º Ano EF,MANHÃ,MATEMÁTICA,268.0
Rede Municipal,JUQUITIBA,9º Ano EF,GERAL,MATEMÁTICA,268.0
Rede Municipal,LORENA,9º Ano EF,MANHÃ,MATEMÁTICA,0.0
Rede Municipal,LORENA,9º Ano EF,GERAL,MATEMÁTICA,0.0
Rede Municipal,LUCELIA,9º Ano EF,MANHÃ,MATEMÁTICA,0.0
Rede Municipal,LUCELIA,9º Ano EF,GERAL,MATEMÁTICA,0.0
Rede Municipal,MARABA PAULISTA,9º Ano EF,MANHÃ,MATEMÁTICA,210.0
Rede Municipal,MARABA PAULISTA,9º Ano EF,GERAL,MATEMÁTICA,210.0
Rede Municipal,MONTE AZUL PAULISTA,9º Ano EF,MANHÃ,MATEMÁTICA,0.0
Rede Municipal,MONTE AZUL PAULISTA,9º Ano EF,TARDE,MATEMÁTICA,0.0
Rede Municipal,MONTE AZUL PAULISTA,9º Ano EF,GERAL,MATEMÁTICA,0.0
Rede Municipal,MORRO AGUDO,9º Ano EF,MANHÃ,MATEMÁTICA,244.5
Rede Municipal,MORRO AGUDO,9º Ano EF,TARDE,MATEMÁTICA,229.5
Rede Municipal,MORRO AGUDO,9º Ano EF,GERAL,MATEMÁTICA,235.8
Rede Municipal,NOVA ALIANCA,9º Ano EF,MANHÃ,MATEMÁTICA,260.4
Rede Municipal,NOVA ALIANCA,9º Ano EF,GERAL,MATEMÁTICA,260.4
Rede Municipal,NOVA INDEPENDENCIA,9º Ano EF,MANHÃ,MATEMÁTICA,0.0
Rede Municipal,NOVA INDEPENDENCIA,9º Ano EF,TARDE,MATEMÁTICA,0.0
Rede Municipal,NOVA INDEPENDENCIA,9º Ano EF,GERAL,MATEMÁTICA,0.0
Rede Municipal,NUPORANGA,9º Ano EF,MANHÃ,MATEMÁTICA,274.7
Rede Municipal,NUPORANGA,9º Ano EF,GERAL,MATEMÁTICA,274.7
Rede Municipal,PARAISO,9º Ano EF,MANHÃ,MATEMÁTICA,267.8
Rede Municipal,PARAISO,9º Ano EF,TARDE,MATEMÁTICA,265.6
Rede Municipal,PARAISO,9º Ano EF,GERAL,MATEMÁTICA,267.0
Rede Municipal,PILAR DO SUL,9º Ano EF,MANHÃ,MATEMÁTICA,0.0
Rede Municipal,PILAR DO SUL,9º Ano EF,TARDE,MATEMÁTICA,0.0
Rede Municipal,PILAR DO SUL,9º Ano EF,GERAL,MATEMÁTICA,0.0
Rede Municipal,PINHALZINHO,9º Ano EF,MANHÃ,MATEMÁTICA,248.1
Rede Municipal,PINHALZINHO,9º Ano EF,GERAL,MATEMÁTICA,248.1
Rede Municipal,RESTINGA,9º Ano EF,MANHÃ,MATEMÁTICA,245.8
Rede Municipal,RESTINGA,9º Ano EF,TARDE,MATEMÁTICA,230.7
Rede Municipal,RESTINGA,9º Ano EF,GERAL,MATEMÁTICA,238.7
Rede Municipal,RIOLANDIA,9º Ano EF,MANHÃ,MATEMÁTICA,0.0
Rede Municipal,RIOLANDIA,9º Ano EF,TARDE,MATEMÁTICA,0.0
Rede Municipal,RIOLANDIA,9º Ano EF,GERAL,MATEMÁTICA,0.0
Rede Municipal,ROSEIRA,9º Ano EF,MANHÃ,MATEMÁTICA,0.0
Rede Municipal,ROSEIRA,9º Ano EF,TARDE,MATEMÁTICA,0.0
Rede Municipal,ROSEIRA,9º Ano EF,GERAL,MATEMÁTICA,0.0
Rede Municipal,SANDOVALINA,9º Ano EF,MANHÃ,MATEMÁTICA,0.0
Rede Municipal,SANDOVALINA,9º Ano EF,TARDE,MATEMÁTICA,0.0
Rede Municipal,SANDOVALINA,9º Ano EF,GERAL,MATEMÁTICA,0.0
Rede Municipal,SANTA ADELIA,9º Ano EF,MANHÃ,MATEMÁTICA,0.0
Rede Municipal,SANTA ADELIA,9º Ano EF,GERAL,MATEMÁTICA,0.0
Rede Municipal,SANTA BRANCA,9º Ano EF,MANHÃ,MATEMÁTICA,236.1
Rede Municipal,SANTA BRANCA,9º Ano EF,TARDE,MATEMÁTICA,232.1
Rede Municipal,SANTA BRANCA,9º Ano EF,GERAL,MATEMÁTICA,234.5
Rede Municipal,SAO CAETANO DO SUL,9º Ano EF,MANHÃ,MATEMÁTICA,248.8
Rede Municipal,SAO CAETANO DO SUL,9º Ano EF,TARDE,MATEMÁTICA,242.7
Rede Municipal,SAO CAETANO DO SUL,9º Ano EF,GERAL,MATEMÁTICA,247.5
Rede Municipal,SAO CARLOS,9º Ano EF,MANHÃ,MATEMÁTICA,258.5
Rede Municipal,SAO CARLOS,9º Ano EF,GERAL,MATEMÁTICA,258.5
Rede Municipal,SAO JOSE DOS CAMPOS,9º Ano EF,MANHÃ,MATEMÁTICA,261.2
Rede Municipal,SAO JOSE DOS CAMPOS,9º Ano EF,GERAL,MATEMÁTICA,261.2
Rede Municipal,SAO MIGUEL ARCANJO,9º Ano EF,TARDE,MATEMÁTICA,254.8
Rede Municipal,SAO MIGUEL ARCANJO,9º Ano EF,GERAL,MATEMÁTICA,254.8
Rede Municipal,SUMARE,9º Ano EF,MANHÃ,MATEMÁTICA,0.0
Rede Municipal,SUMARE,9º Ano EF,GERAL,MATEMÁTICA,0.0
Rede Municipal,TARABAI,9º Ano EF,MANHÃ,MATEMÁTICA,0.0
Rede Municipal,TARABAI,9º Ano EF,TARDE,MATEMÁTICA,0.0
Rede Municipal,TARABAI,9º Ano EF,GERAL,MATEMÁTICA,0.0
Rede Municipal,TEODORO SAMPAIO,9º Ano EF,MANHÃ,MATEMÁTICA,264.0
Rede Municipal,TEODORO SAMPAIO,9º Ano EF,TARDE,MATEMÁTICA,285.0
Rede Municipal,TEODORO SAMPAIO,9º Ano EF,GERAL,MATEMÁTICA,273.1
Rede Municipal,TORRINHA,9º Ano EF,MANHÃ,MATEMÁTICA,258.7
Rede Municipal,TORRINHA,9º Ano EF,GERAL,MATEMÁTICA,258.7
Rede Municipal,VALINHOS,9º Ano EF,MANHÃ,MATEMÁTICA,0.0
Rede Municipal,VALINHOS,9º Ano EF,TARDE,MATEMÁTICA,0.0
Rede Municipal,VALINHOS,9º Ano EF,GERAL,MATEMÁTICA,0.0
Rede Municipal,VIRADOURO,9º Ano EF,MANHÃ,MATEMÁTICA,0.0
Rede Municipal,VIRADOURO,9º Ano EF,GERAL,MATEMÁTICA,0.0
Rede Municipal,BOREBI,9º Ano EF,MANHÃ,MATEMÁTICA,259.8
Rede Municipal,BOREBI,9º Ano EF,GERAL,MATEMÁTICA,259.8
Rede Municipal,CANITAR,9º Ano EF,TARDE,MATEMÁTICA,0.0
Rede Municipal,CANITAR,9º Ano EF,GERAL,MATEMÁTICA,0.0
Rede Municipal,HOLAMBRA,9º Ano EF,MANHÃ,MATEMÁTICA,0.0
Rede Municipal,HOLAMBRA,9º Ano EF,TARDE,MATEMÁTICA,0.0
Rede Municipal,HOLAMBRA,9º Ano EF,GERAL,MATEMÁTICA,0.0
Rede Municipal,HORTOLANDIA,9º Ano EF,MANHÃ,MATEMÁTICA,0.0
Rede Municipal,HORTOLANDIA,9º Ano EF,GERAL,MATEMÁTICA,0.0
Rede Municipal,TUIUTI,9º Ano EF,MANHÃ,MATEMÁTICA,261.0
Rede Municipal,TUIUTI,9º Ano EF,GERAL,MATEMÁTICA,261.0
Rede Municipal,UBARANA,9º Ano EF,MANHÃ,MATEMÁTICA,260.8
Rede Municipal,UBARANA,9º Ano EF,TARDE,MATEMÁTICA,229.8
Rede Municipal,UBARANA,9º Ano EF,GERAL,MATEMÁTICA,250.5
Rede Municipal,VARGEM,9º Ano EF,MANHÃ,MATEMÁTICA,239.0
Rede Municipal,VARGEM,9º Ano EF,GERAL,MATEMÁTICA,239.0
Rede Municipal,GAVIAO PEIXOTO,9º Ano EF,MANHÃ,MATEMÁTICA,253.4
Rede Municipal,GAVIAO PEIXOTO,9º Ano EF,GERAL,MATEMÁTICA,253.4
